Original String,Last 9 Digits
https://www.newlook.com/row/c/burgundy-embroidered-jogger-pyjama-set/p/871250767,871250767
https://www.newlook.com/row/mens/clothing/nightwear/navy-embroidered-short-pyjama-set/p/871244541,871244541
https://www.newlook.com/row/mens/clothing/hoodies-sweatshirts/black-zip-through-hoodie/p/870554501,870554501
https://www.newlook.com/row/mens/clothing/jackets-coats/navy-check-cotton-button-front-overshirt/p/869599841,869599841
https://www.newlook.com/row/mens/clothing/jackets-coats/light-grey-check-cotton-button-front-overshirt/p/869599808,869599808
https://www.newlook.com/row/mens/clothing/knitwear/black-fisherman-knit-zip-neck-relaxed-fit-jumper/p/868193001,868193001
https://www.newlook.com/row/c/cream-fine-knit-muscle-fit-jumper/p/868061214,868061214
https://www.newlook.com/row/c/dark-grey-fine-knit-muscle-fit-jumper/p/868061203,868061203
https://www.newlook.com/row/mens/clothing/knitwear/navy-fine-knit-slim-fit-jumper/p/868057041,868057041
https://www.newlook.com/row/mens/clothing/knitwear/dark-grey-fine-knit-slim-fit-jumper/p/868057003,868057003
https://www.newlook.com/row/mens/clothing/knitwear/black-fine-knit-slim-fit-jumper/p/868057001,868057001
https://www.newlook.com/row/mens/clothing/jackets-coats/grey-formal-coat/p/868026504,868026504
https://www.newlook.com/row/mens/clothing/jackets-coats/black-formal-coat/p/868026501,868026501
https://www.newlook.com/row/mens/clothing/jackets-coats/black-hooded-puffer-jacket/p/868019001,868019001
https://www.newlook.com/row/mens/new-look-kind/navy-puffer-zip-up-gilet/p/867999841,867999841
https://www.newlook.com/row/mens/accessories/tan-leather-look-belt/p/875659818,875659818
https://www.newlook.com/row/mens/accessories/black-leather-look-belt/p/875659801,875659801
https://www.newlook.com/row/mens/clothing/nightwear/navy-jogger-pyjama-set-with-stripe-print/p/871254041,871254041
https://www.newlook.com/row/c/navy-embroidered-jogger-pyjama-set/p/871250741,871250741
https://www.newlook.com/row/c/grey-marl-embroidered-jogger-pyjama-set/p/871250707,871250707
https://www.newlook.com/row/mens/clothing/hoodies-sweatshirts/black-paris-atelier-logo-hoodie/p/871148601,871148601
https://www.newlook.com/row/mens/clothing/t-shirts/black-cotton-long-sleeve-polo-shirt/p/871146401,871146401
https://www.newlook.com/row/mens/clothing/trousers/dark-grey-cuffed-joggers/p/870555603,870555603
https://www.newlook.com/row/mens/clothing/hoodies-sweatshirts/grey-marl-zip-up-hoodie/p/870554507,870554507
https://www.newlook.com/row/mens/clothing/t-shirts/white-cotton-long-sleeve-t-shirt/p/870522610,870522610
https://www.newlook.com/row/mens/clothing/t-shirts/black-cotton-long-sleeve-t-shirt/p/870522601,870522601
https://www.newlook.com/row/mens/clothing/jackets-coats/khaki-cotton-twill-overshirt/p/869799934,869799934
https://www.newlook.com/row/mens/clothing/jackets-coats/dark-grey-cotton-twill-overshirt/p/869799903,869799903
https://www.newlook.com/row/mens/clothing/jackets-coats/green-check-cotton-overshirt/p/869780039,869780039
https://www.newlook.com/row/mens/clothing/jackets-coats/white-check-cotton-button-front-overshirt/p/869599819,869599819
https://www.newlook.com/row/mens/clothing/shirts/green-cotton-check-long-sleeve-shirt/p/869454839,869454839
https://www.newlook.com/row/mens/clothing/knitwear/olive-fisherman-knit-zip-neck-relaxed-fit-jumper/p/868193033,868193033
https://www.newlook.com/row/mens/clothing/knitwear/light-brown-fisherman-knit-zip-neck-relaxed-fit-jumper/p/868193021,868193021
https://www.newlook.com/row/mens/new-look-kind/navy-fine-knit-zip-neck-slim-fit-jumper/p/868092641,868092641
https://www.newlook.com/row/mens/new-look-kind/cream-fine-knit-zip-neck-slim-fit-jumper/p/868092614,868092614
https://www.newlook.com/row/c/navy-fine-knit-muscle-fit-jumper/p/868061241,868061241
https://www.newlook.com/row/c/off-white-borg-zip-up-jacket/p/868037212,868037212
https://www.newlook.com/row/mens/clothing/jackets-coats/orange-check-zip-front-overshirt/p/868035980,868035980
https://www.newlook.com/row/mens/clothing/jackets-coats/grey-brushed-pocket-front-overshirt/p/868030904,868030904
https://www.newlook.com/row/mens/clothing/jackets-coats/black-brushed-pocket-front-overshirt/p/868030901,868030901
https://www.newlook.com/row/mens/clothing/jackets-coats/khaki-hooded-puffer-jacket/p/868019034,868019034
https://www.newlook.com/row/mens/clothing/jackets-coats/dark-grey-hooded-puffer-jacket/p/868019003,868019003
https://www.newlook.com/row/mens/clothing/jackets-coats/black-puffer-jacket/p/868018801,868018801
https://www.newlook.com/row/mens/clothing/hoodies-sweatshirts/black-zip-neck-sweatshirt/p/867576901,867576901
https://www.newlook.com/row/mens/clothing/hoodies-sweatshirts/stone-pocket-front-hoodie/p/867569516,867569516
https://www.newlook.com/row/mens/clothing/hoodies-sweatshirts/stone-crew-neck-sweatshirt/p/867564216,867564216
https://www.newlook.com/row/mens/accessories/5-pack-multicoloured-colour-block-stretch-socks/p/850450099,850450099
https://www.newlook.com/row/mens/accessories/5-pack-multicoloured-colour-block-socks/p/850449999,850449999
https://www.newlook.com/row/mens/accessories/5-pack-grey-black-and-khaki-mixed-pattern-socks/p/850448599,850448599
https://www.newlook.com/row/mens/clothing/shirts/black-long-sleeve-muscle-fit-oxford-shirt/p/846720701,846720701
https://www.newlook.com/row/mens/clothing/shirts/white-poplin-short-sleeve-muscle-fit-shirt/p/846719610,846719610
https://www.newlook.com/row/mens/clothing/shirts/black-short-sleeve-muscle-fit-oxford-shirt/p/846570601,846570601
https://www.newlook.com/row/mens/clothing/shorts/stone-jersey-tie-waist-cargo-shorts/p/846531216,846531216
https://www.newlook.com/row/mens/clothing/shorts/grey-marl-jersey-shorts/p/845135207,845135207
https://www.newlook.com/row/mens/clothing/shorts/black-jersey-shorts/p/845135201,845135201
https://www.newlook.com/row/mens/clothing/swimwear/black-drawstring-swim-shorts/p/844258901,844258901
https://www.newlook.com/row/mens/clothing/jackets-coats/navy-twill-bomber-jacket/p/843499241,843499241
https://www.newlook.com/row/mens/clothing/shirts/white-poplin-long-sleeve-regular-fit-shirt/p/843134810,843134810
https://www.newlook.com/row/mens/clothing/shirts/black-poplin-long-sleeve-regular-fit-shirt/p/843134801,843134801
https://www.newlook.com/row/womens/clothing/loungewear/ony-pale-blue-fleece-oversized-unisex-blanket-hoodie/p/835628045,835628045
https://www.newlook.com/row/womens/clothing/loungewear/ony-pale-pink-fleece-oversized-unisex-blanket-hoodie/p/835626972,835626972
https://www.newlook.com/row/womens/clothing/loungewear/ony-pale-grey-fleece-oversized-unisex-blanket-hoodie/p/835623202,835623202
https://www.newlook.com/row/mens/clothing/t-shirts/white-short-sleeve-collared-polo-shirt/p/834158110,834158110
https://www.newlook.com/row/mens/clothing/jackets-coats/dark-grey-denim-western-jacket/p/833260503,833260503
https://www.newlook.com/row/mens/clothing/jackets-coats/black-denim-western-jacket/p/833260501,833260501
https://www.newlook.com/row/mens/clothing/jackets-coats/black-denim-jersey-sleeve-hooded-jacket/p/833211301,833211301
https://www.newlook.com/row/mens/accessories/5-pack-white-ribbed-ankle-socks/p/831081410,831081410
https://www.newlook.com/row/mens/accessories/5-pack-black-ribbed-ankle-socks/p/831081401,831081401
https://www.newlook.com/row/mens/clothing/jackets-coats/blue-denim-borg-collared-jacket/p/828966740,828966740
https://www.newlook.com/row/mens/clothing/shirts/khaki-poplin-long-sleeve-muscle-fit-shirt/p/827856434,827856434
https://www.newlook.com/row/mens/clothing/jackets-coats/black-faux-fur-trim-hooded-parka-jacket/p/826097201,826097201
https://www.newlook.com/row/mens/clothing/jackets-coats/blue-colour-block-hooded-puffer-jacket/p/826039240,826039240
https://www.newlook.com/row/mens/clothing/jackets-coats/khaki-long-sleeve-hooded-puffer-jacket/p/826035634,826035634
https://www.newlook.com/row/mens/clothing/jackets-coats/grey-long-sleeve-hooded-puffer-jacket/p/826035603,826035603
https://www.newlook.com/row/mens/clothing/nightwear/threadbare-navy-cotton-trouser-pyjama-set-with-embroidered-logo/p/882832841,882832841
https://www.newlook.com/row/mens/clothing/nightwear/threadbare-2-pack-black-cotton-check-pyjama-bottoms/p/882832609,882832609
https://www.newlook.com/row/mens/clothing/nightwear/threadbare-light-grey-trouser-pyjama-set-with-embroidered-logo/p/882832508,882832508
https://www.newlook.com/row/mens/clothing/jackets-coats/threadbare-black-zip-up-high-neck-embroidered-jacket/p/882832401,882832401
https://www.newlook.com/row/mens/clothing/jackets-coats/threadbare-black-hooded-padded-gilet/p/882827401,882827401
https://www.newlook.com/row/mens/clothing/jackets-coats/threadbare-khaki-padded-zip-through-gilet/p/882827334,882827334
https://www.newlook.com/row/mens/clothing/jackets-coats/threadbare-navy-padded-zip-through-gilet/p/882826641,882826641
https://www.newlook.com/row/mens/clothing/jackets-coats/threadbare-black-puffer-zip-up-gilet/p/882824301,882824301
https://www.newlook.com/row/mens/clothing/jackets-coats/threadbare-black-colour-block-puffer-jacket/p/882823101,882823101
https://www.newlook.com/row/mens/clothing/jackets-coats/threadbare-dark-grey-padded-jacket/p/882819103,882819103
https://www.newlook.com/row/mens/clothing/jackets-coats/threadbare-khaki-faux-fur-trim-hooded-parka-jacket/p/882818634,882818634
https://www.newlook.com/row/mens/clothing/jackets-coats/threadbare-black-hooded-puffer-jacket/p/882817201,882817201
https://www.newlook.com/row/mens/clothing/jackets-coats/threadbare-black-padded-lightweight-jacket/p/882816101,882816101
https://www.newlook.com/row/mens/clothing/jackets-coats/threadbare-navy-knitted-sleeve-padded-jacket/p/882813041,882813041
https://www.newlook.com/row/mens/clothing/jackets-coats/threadbare-grey-marl-revere-collar-suit-jacket/p/882812107,882812107
https://www.newlook.com/row/mens/clothing/shirts/threadbare-multicoloured-cotton-check-long-sleeve-shirt/p/882810499,882810499
https://www.newlook.com/row/mens/clothing/shirts/threadbare-multicoloured-cotton-check-long-sleeve-shirt/p/882808399,882808399
https://www.newlook.com/row/mens/clothing/jackets-coats/threadbare-multicoloured-check-borg-shacket/p/882806799,882806799
https://www.newlook.com/row/mens/clothing/hoodies-sweatshirts/threadbare-cream-crew-neck-sweatshirt/p/882804916,882804916
https://www.newlook.com/row/mens/clothing/hoodies-sweatshirts/threadbare-navy-zip-neck-embroidered-sweatshirt/p/882804741,882804741
https://www.newlook.com/row/mens/clothing/trousers/threadbare-navy-cotton-drawstring-cuffed-joggers/p/882800841,882800841
https://www.newlook.com/row/mens/accessories/black-pocket-front-backpack/p/875757901,875757901
https://www.newlook.com/row/mens/clothing/shirts/threadbare-stone-pocket-shacket/p/873573016,873573016
https://www.newlook.com/row/mens/clothing/shirts/threadbare-navy-pocket-shacket/p/873570341,873570341
https://www.newlook.com/row/mens/clothing/hoodies-sweatshirts/threadbare-navy-crew-neck-sweatshirt/p/873563241,873563241
https://www.newlook.com/row/mens/clothing/hoodies-sweatshirts/threadbare-turquoise-varsity-logo-hoodie/p/873536348,873536348
https://www.newlook.com/row/mens/clothing/hoodies-sweatshirts/threadbare-blue-zip-logo-hoodie/p/873534640,873534640
https://www.newlook.com/row/mens/clothing/jackets-coats/threadbare-navy-fleece-bomber-jacket/p/873533841,873533841
https://www.newlook.com/row/mens/clothing/shirts/threadbare-navy-geometric-short-sleeve-shirt/p/873506641,873506641
https://www.newlook.com/row/mens/clothing/shirts/threadbare-white-cotton-long-sleeve-oxford-shirt/p/873505510,873505510
https://www.newlook.com/row/c/blue-cotton-crew-neck-t-shirt/p/867526240,867526240
https://www.newlook.com/row/c/khaki-cotton-crew-neck-t-shirt/p/867526234,867526234
https://www.newlook.com/row/c/dark-grey-cotton-crew-neck-t-shirt/p/867526203,867526203
https://www.newlook.com/row/mens/clothing/t-shirts/farah-grey-short-sleeve-polo-top/p/863385541,863385541
https://www.newlook.com/row/mens/clothing/underwear-socks/jack-jones-multicoloured-floral-socks/p/859246782,859246782
https://www.newlook.com/row/mens/accessories/jack-jones-5-pack-black-tropical-summer-socks/p/859246501,859246501
https://www.newlook.com/row/mens/clothing/underwear-socks/jack-jones-5-pack-multicoloured-stripe-socks/p/859246499,859246499
https://www.newlook.com/row/mens/clothing/underwear-socks/jack-jones-5-pack-green-tropical-socks/p/859246230,859246230
https://www.newlook.com/row/mens/clothing/underwear-socks/jack-jones-5-pack-multicoloured-fruit-socks/p/859221545,859221545
https://www.newlook.com/row/mens/clothing/underwear-socks/jack-jones-5-pack-black-and-blue-fast-food-socks/p/859214301,859214301
https://www.newlook.com/row/mens/clothing/underwear-socks/jack-jones-5-pack-multicoloured-spot-socks/p/859209141,859209141
https://www.newlook.com/row/mens/clothing/shirts/farah-off-white-check-long-sleeve-oxford-shirt/p/858121212,858121212
https://www.newlook.com/row/mens/clothing/t-shirts/farah-burgundy-stripe-trim-short-sleeve-polo-shirt/p/858093967,858093967
https://www.newlook.com/row/mens/clothing/t-shirts/farah-grey-stripe-trim-short-sleeve-polo-shirt/p/858093941,858093941
https://www.newlook.com/row/mens/clothing/t-shirts/farah-navy-embroidered-logo-crew-neck-short-sleeve-t-shirt/p/858091241,858091241
https://www.newlook.com/row/mens/clothing/nightwear/popgear-mens-dark-grey-short-sleeve-pyjama-set-with-camo-batman-logo/p/854154203,854154203
https://www.newlook.com/row/mens/accessories/black-check-tassel-scarf/p/852563217,852563217
https://www.newlook.com/row/mens/accessories/stone-check-tassel-scarf/p/852547216,852547216
https://www.newlook.com/row/mens/accessories/mustard-colour-block-socks/p/850451587,850451587
https://www.newlook.com/row/mens/accessories/mid-pink-colour-block-socks/p/850451573,850451573
https://www.newlook.com/row/mens/accessories/green-colour-block-socks/p/850451535,850451535
https://www.newlook.com/row/mens/accessories/rust-colour-block-socks/p/850451524,850451524
https://www.newlook.com/row/mens/clothing/underwear-socks/jack-jones-5-pack-red-and-blue-stripe-socks/p/849865960,849865960
https://www.newlook.com/row/mens/accessories/black-square-frame-sunglasses/p/848756701,848756701
https://www.newlook.com/row/mens/clothing/t-shirts/grey-marl-ribbed-jersey-muscle-fit-vest/p/846678107,846678107
https://www.newlook.com/row/mens/clothing/t-shirts/white-roll-sleeve-t-shirt/p/845100810,845100810
https://www.newlook.com/row/mens/clothing/underwear-socks/jack-jones-5-pack-white-trainer-socks/p/833759610,833759610
https://www.newlook.com/row/mens/clothing/underwear-socks/jack-jones-5-pack-black-trainer-socks/p/833759601,833759601
https://www.newlook.com/row/mens/accessories/2-pack-black-and-stone-ribbed-fisherman-beanies/p/833740599,833740599
https://www.newlook.com/row/mens/accessories/2-pack-black-and-grey-ribbed-fisherman-beanies/p/833739199,833739199
https://www.newlook.com/row/mens/accessories/3-pack-white-sports-stripe-socks/p/831092110,831092110
https://www.newlook.com/row/mens/accessories/5-pack-black-ankle-socks/p/831084401,831084401
https://www.newlook.com/row/mens/clothing/underwear-socks/dark-grey-embroidered-surprised-face-socks/p/803289403,803289403
https://www.newlook.com/row/mens/clothing/tailoring/tan-leather-look-formal-belt/p/672891118,672891118
https://www.newlook.com/row/mens/clothing/underwear-socks/blue-wink-face-embroidered-socks/p/666672040,666672040
https://www.newlook.com/row/mens/accessories/5-pack-white-trainer-socks/p/634909810,634909810
https://www.newlook.com/row/mens/accessories/5-pack-black-trainer-socks/p/634909801,634909801
https://www.newlook.com/row/mens/clothing/t-shirts/dark-grey-cotton-long-sleeve-polo-shirt/p/871146403,871146403
https://www.newlook.com/row/mens/clothing/trousers/black-cuffed-cargo-joggers/p/870753301,870753301
https://www.newlook.com/row/mens/clothing/t-shirts/khaki-cotton-long-sleeve-t-shirt/p/870522634,870522634
https://www.newlook.com/row/mens/clothing/t-shirts/stone-cotton-long-sleeve-t-shirt/p/870522616,870522616
https://www.newlook.com/row/mens/clothing/t-shirts/dark-grey-cotton-long-sleeve-t-shirt/p/870522603,870522603
https://www.newlook.com/row/c/dark-grey-cotton-oversized-t-shirt/p/870491303,870491303
https://www.newlook.com/row/mens/clothing/shirts/white-check-long-sleeve-shirt/p/869454819,869454819
https://www.newlook.com/row/mens/clothing/jackets-coats/black-unlined-formal-coat/p/868028401,868028401
https://www.newlook.com/row/mens/clothing/hoodies-sweatshirts/off-white-zip-neck-sweatshirt/p/867576912,867576912
https://www.newlook.com/row/mens/clothing/hoodies-sweatshirts/khaki-pocket-front-hoodie/p/867569534,867569534
https://www.newlook.com/row/mens/clothing/hoodies-sweatshirts/dark-grey-crew-neck-sweatshirt/p/867564203,867564203
https://www.newlook.com/row/mens/accessories/artsac-bright-blue-3-zip-pocket-front-sling-bag/p/867118143,867118143
https://www.newlook.com/row/mens/accessories/artsac-bright-blue-3-zip-pocket-front-tote-bag/p/867117943,867117943
https://www.newlook.com/row/mens/accessories/artsac-grey-pocket-front-loop-large-backpack/p/867117104,867117104
https://www.newlook.com/row/mens/accessories/artsac-yellow-pocket-front-backpack/p/867117086,867117086
https://www.newlook.com/row/mens/accessories/artsac-khaki-logo-zip-pocket-front-small-backpack/p/867116634,867116634
https://www.newlook.com/row/mens/accessories/artsac-black-logo-zip-pocket-front-small-backpack/p/867116401,867116401
https://www.newlook.com/row/mens/accessories/artsac-yellow-logo-pocket-front-backpack/p/867116286,867116286
https://www.newlook.com/row/mens/accessories/artsac-khaki-3-pocket-zip-front-backpack/p/867116134,867116134
https://www.newlook.com/row/mens/accessories/artsac-grey-3-pocket-front-large-backpack/p/867115304,867115304
https://www.newlook.com/row/mens/accessories/artsac-dark-grey-3-zip-pocket-logo-small-backpack/p/867115003,867115003
https://www.newlook.com/row/mens/accessories/artsac-yellow-double-strap-tote-bag/p/867114986,867114986
https://www.newlook.com/row/mens/accessories/artsac-black-logo-pocket-front-backpack/p/867114801,867114801
https://www.newlook.com/row/mens/accessories/artsac-khaki-3-pocket-zip-front-large-backpack/p/867114634,867114634
https://www.newlook.com/row/mens/accessories/artsac-yellow-square-pocket-backpack/p/867114286,867114286
https://www.newlook.com/row/mens/accessories/artsac-bright-blue-abstract-drawstring-backpack/p/867114043,867114043
https://www.newlook.com/row/mens/accessories/artsac-khaki-logo-pocket-front-backpack/p/867113934,867113934
https://www.newlook.com/row/mens/accessories/artsac-black-line-print-pocket-front-tote-bag/p/867113543,867113543
https://www.newlook.com/row/mens/accessories/artsac-navy-double-zip-pocket-cross-body-bag/p/867113441,867113441
https://www.newlook.com/row/mens/accessories/artsac-black-line-double-zip-front-cross-body-bag/p/867113109,867113109
https://www.newlook.com/row/mens/accessories/artsac-khaki-pocket-front-backpack/p/867113034,867113034
https://www.newlook.com/row/mens/accessories/artsac-black-3-zip-pocket-logo-small-backpack/p/867111701,867111701
https://www.newlook.com/row/mens/accessories/artsac-grey-3-pocket-zip-front-backpack/p/867108604,867108604
https://www.newlook.com/row/mens/accessories/artsac-black-pocket-front-backpack/p/867108401,867108401
https://www.newlook.com/row/mens/accessories/artsac-black-line-print-pocket-front-backpack/p/867100709,867100709
https://www.newlook.com/row/mens/accessories/artsac-black-pocket-front-drawstring-backpack/p/867100501,867100501
https://www.newlook.com/row/mens/accessories/jack-jones-black-leather-card-holder/p/864340301,864340301
https://www.newlook.com/row/mens/accessories/jack-jones-light-green-logo-bucket-hat/p/859204947,859204947
https://www.newlook.com/row/mens/accessories/jack-jones-navy-logo-bucket-hat/p/859204941,859204941
https://www.newlook.com/row/mens/clothing/shirts/white-poplin-long-sleeve-pocket-front-shirt/p/846720610,846720610
https://www.newlook.com/row/mens/clothing/shirts/black-poplin-short-sleeve-regular-fit-shirt/p/846596301,846596301
https://www.newlook.com/row/mens/clothing/hoodies-sweatshirts/grey-marl-pocket-front-hoodie/p/845123807,845123807
https://www.newlook.com/row/mens/clothing/swimwear/navy-drawstring-swim-shorts/p/844258941,844258941
https://www.newlook.com/row/mens/clothing/shirts/white-poplin-long-sleeve-muscle-fit-shirt/p/843136110,843136110
https://www.newlook.com/row/mens/clothing/shirts/black-poplin-long-sleeve-muscle-fit-shirt/p/843136101,843136101
https://www.newlook.com/row/mens/clothing/t-shirts/black-long-sleeve-polo-shirt/p/834159101,834159101
https://www.newlook.com/row/mens/clothing/t-shirts/black-short-sleeve-collared-polo-shirt/p/834158101,834158101
https://www.newlook.com/row/mens/accessories/stone-ribbed-fisherman-beanie/p/833159316,833159316
https://www.newlook.com/row/mens/accessories/pale-grey-ribbed-fisherman-beanie/p/833159302,833159302
https://www.newlook.com/row/mens/accessories/light-grey-knit-beanie/p/833147102,833147102
https://www.newlook.com/row/mens/accessories/black-knit-beanie/p/833147101,833147101
https://www.newlook.com/row/mens/clothing/knitwear/navy-cable-knit-long-sleeve-crew-neck-jumper/p/831910141,831910141
https://www.newlook.com/row/mens/clothing/jackets-coats/black-denim-borg-collared-jacket/p/828966701,828966701
https://www.newlook.com/row/mens/clothing/shirts/black-muscle-fit-long-sleeve-oxford-shirt/p/827879901,827879901
https://www.newlook.com/row/mens/clothing/shirts/black-long-sleeve-oxford-shirt/p/827865401,827865401
https://www.newlook.com/row/mens/clothing/knitwear/black-ribbed-knit-regular-fit-jumper/p/827559401,827559401
https://www.newlook.com/row/mens/clothing/jackets-coats/black-long-sleeve-hooded-puffer-jacket/p/826035601,826035601
https://www.newlook.com/row/mens/clothing/sportswear/navy-jersey-cuffed-joggers/p/674371841,674371841
https://www.newlook.com/row/mens/clothing/sportswear/pale-grey-jersey-cuffed-joggers/p/674371802,674371802
https://www.newlook.com/row/mens/accessories/tan-leather-look-buckle-belt/p/632454518,632454518
https://www.newlook.com/row/mens/clothing/trousers/threadbare-black-stretch-regular-fit-chinos/p/873668901,873668901
https://www.newlook.com/row/mens/clothing/trousers/threadbare-navy-chino-trousers/p/873668841,873668841
https://www.newlook.com/row/mens/clothing/trousers/threadbare-stone-stretch-regular-fit-chinos/p/873667716,873667716
https://www.newlook.com/row/mens/clothing/trousers/threadbare-dark-grey-stretch-chino-trousers/p/873667603,873667603
https://www.newlook.com/row/mens/clothing/trousers/threadbare-blue-denim-chino-trousers/p/873666540,873666540
https://www.newlook.com/row/mens/clothing/trousers/threadbare-dark-grey-belted-cargo-trousers/p/873666403,873666403
https://www.newlook.com/row/mens/clothing/trousers/threadbare-camel-jersey-slim-fit-cuffed-joggers/p/873612017,873612017
https://www.newlook.com/row/mens/clothing/trousers/threadbare-olive-chino-trousers/p/873610833,873610833
https://www.newlook.com/row/mens/clothing/hoodies-sweatshirts/threadbare-dark-grey-logo-hoodie/p/873566703,873566703
https://www.newlook.com/row/mens/clothing/hoodies-sweatshirts/threadbare-navy-logo-hoodie/p/873566641,873566641
https://www.newlook.com/row/mens/clothing/hoodies-sweatshirts/threadbare-black-contrast-logo-zip-up-hoodie/p/873561601,873561601
https://www.newlook.com/row/mens/clothing/t-shirts/threadbare-navy-logo-polo-shirt/p/873549641,873549641
https://www.newlook.com/row/mens/clothing/hoodies-sweatshirts/threadbare-dark-grey-zip-up-hoodie/p/873545803,873545803
https://www.newlook.com/row/mens/clothing/shorts/threadbare-blue-logo-shorts/p/873538540,873538540
https://www.newlook.com/row/mens/clothing/hoodies-sweatshirts/threadbare-navy-contrast-logo-hoodie/p/873535641,873535641
https://www.newlook.com/row/mens/clothing/hoodies-sweatshirts/threadbare-grey-zip-up-hoodie/p/873534804,873534804
https://www.newlook.com/row/mens/clothing/shirts/threadbare-white-pocket-short-sleeve-shirt/p/873528910,873528910
https://www.newlook.com/row/mens/clothing/shirts/threadbare-olive-pocket-short-sleeve-shirt/p/873527833,873527833
https://www.newlook.com/row/mens/clothing/shirts/threadbare-white-short-sleeve-shirt/p/873506010,873506010
https://www.newlook.com/row/mens/clothing/shirts/threadbare-navy-logo-oxford-shirt/p/873505841,873505841
https://www.newlook.com/row/mens/clothing/shirts/black-abstract-print-short-sleeve-shirt/p/872149209,872149209
https://www.newlook.com/row/mens/clothing/shirts/black-floral-short-sleeve-shirt/p/872142899,872142899
https://www.newlook.com/row/c/dark-khaki-long-sleeve-oxford-shirt/p/871560034,871560034
https://www.newlook.com/row/mens/new-look-kind/khaki-cotton-long-sleeve-oxford-shirt/p/871553334,871553334
https://www.newlook.com/row/mens/new-look-kind/khaki-long-sleeve-poplin-shirt/p/871533134,871533134
https://www.newlook.com/row/mens/clothing/nightwear/grey-marl-embroidered-short-pyjama-set/p/871244507,871244507
https://www.newlook.com/row/mens/clothing/jeans/dark-brown-straight-fit-jeans/p/871017127,871017127
https://www.newlook.com/row/mens/clothing/jeans/off-white-straight-fit-jeans/p/871017112,871017112
https://www.newlook.com/row/mens/clothing/hoodies-sweatshirts/grey-marl-est-98-logo-zip-neck-sweatshirt/p/870840207,870840207
https://www.newlook.com/row/mens/clothing/hoodies-sweatshirts/navy-new-york-varsity-crew-neck-sweatshirt/p/870796041,870796041
https://www.newlook.com/row/mens/clothing/trousers/grey-marl-cuffed-joggers/p/870555607,870555607
https://www.newlook.com/row/mens/clothing/jackets-coats/black-leather-look-bomber-jacket/p/869983201,869983201
https://www.newlook.com/row/mens/clothing/jackets-coats/black-woven-bomber-jacket/p/869982801,869982801
https://www.newlook.com/row/mens/clothing/jackets-coats/grey-check-print-textured-overshirt/p/869807404,869807404
https://www.newlook.com/row/mens/clothing/jackets-coats/grey-cotton-twill-overshirt/p/869799904,869799904
https://www.newlook.com/row/mens/clothing/trousers/stone-cotton-cuffed-cargo-trousers/p/868746316,868746316
https://www.newlook.com/row/mens/clothing/knitwear/khaki-fisherman-knit-collared-regular-fit-cardigan/p/868196934,868196934
https://www.newlook.com/row/mens/clothing/knitwear/black-fisherman-knit-collared-regular-fit-cardigan/p/868196901,868196901
https://www.newlook.com/row/mens/clothing/knitwear/grey-ribbed-knit-crew-neck-jumper/p/868150704,868150704
https://www.newlook.com/row/mens/clothing/knitwear/black-fine-knit-slim-fit-cardigan/p/868105301,868105301
https://www.newlook.com/row/mens/new-look-kind/dark-green-fine-knit-zip-neck-slim-fit-jumper/p/868092638,868092638
https://www.newlook.com/row/mens/clothing/jackets-coats/khaki-puffer-jacket/p/868018834,868018834
https://www.newlook.com/row/mens/clothing/jackets-coats/stone-puffer-jacket/p/868018816,868018816
https://www.newlook.com/row/mens/clothing/jackets-coats/off-white-high-neck-borg-gilet/p/868012412,868012412
https://www.newlook.com/row/mens/clothing-collections/mens-autumn-edit/stone-padded-zip-gilet/p/868005816,868005816
https://www.newlook.com/row/mens/new-look-kind/stone-puffer-zip-up-gilet/p/867999816,867999816
https://www.newlook.com/row/mens/clothing/trousers/dark-brown-cotton-cargo-trousers/p/867960327,867960327
https://www.newlook.com/row/c/pale-grey-cotton-crew-neck-t-shirt/p/867526202,867526202
https://www.newlook.com/row/mens/clothing/t-shirts/white-crew-neck-oversized-vest/p/846381610,846381610
https://www.newlook.com/row/mens/clothing/t-shirts/black-crew-neck-oversized-vest/p/846381601,846381601
https://www.newlook.com/row/mens/clothing/t-shirts/black-roll-sleeve-t-shirt/p/845100801,845100801
https://www.newlook.com/row/mens/clothing/hoodies-sweatshirts/black-long-sleeve-zip-hoodie/p/834164001,834164001
https://www.newlook.com/row/mens/clothing/sportswear/camel-pocket-front-long-sleeve-hoodie/p/834161117,834161117
https://www.newlook.com/row/mens/clothing/sportswear/pale-grey-pocket-front-long-sleeve-hoodie/p/834161102,834161102
https://www.newlook.com/row/mens/clothing/sportswear/black-pocket-front-long-sleeve-hoodie/p/834161101,834161101
https://www.newlook.com/row/mens/clothing/t-shirts/white-crew-neck-roll-sleeve-t-shirt/p/834055110,834055110
https://www.newlook.com/row/mens/clothing/t-shirts/white-short-sleeve-crew-neck-t-shirt/p/834047810,834047810
https://www.newlook.com/row/mens/clothing/nightwear/threadbare-black-trouser-pyjama-set-with-embroidered-logo/p/882832701,882832701
https://www.newlook.com/row/mens/clothing/trousers/threadbare-grey-marl-drawstring-cuffed-joggers/p/882804607,882804607
https://www.newlook.com/row/mens/clothing/knitwear/only-sons-blue-stripe-knit-crew-neck-jumper/p/876040840,876040840
https://www.newlook.com/row/mens/clothing/knitwear/only-sons-grey-stripe-knit-crew-neck-jumper/p/876040802,876040802
https://www.newlook.com/row/mens/clothing/hoodies-sweatshirts/only-sons-lilac-stripe-hoodie/p/876028755,876028755
https://www.newlook.com/row/mens/clothing/hoodies-sweatshirts/only-sons-navy-stripe-hoodie/p/876028741,876028741
https://www.newlook.com/row/mens/clothing/trousers/only-sons-black-slim-fit-trousers/p/876017901,876017901
https://www.newlook.com/row/mens/clothing/jackets-coats/only-sons-grey-slim-fit-suit-jacket/p/876014104,876014104
https://www.newlook.com/row/mens/clothing/jackets-coats/only-sons-navy-slim-fit-suit-jacket/p/876014103,876014103
https://www.newlook.com/row/mens/clothing/shirts/only-sons-stone-check-slim-fit-long-sleeve-shirt/p/876014016,876014016
https://www.newlook.com/row/mens/clothing/trousers/only-sons-dark-brown-check-slim-fit-trousers/p/876002627,876002627
https://www.newlook.com/row/mens/clothing/jeans/only-sons-black-slim-fit-jeans/p/875974401,875974401
https://www.newlook.com/row/mens/clothing/trousers/only-sons-navy-chinos/p/875959441,875959441
https://www.newlook.com/row/mens/clothing/trousers/only-sons-black-chinos/p/875959401,875959401
https://www.newlook.com/row/mens/clothing/trousers/threadbare-khaki-cuffed-joggers/p/873612733,873612733
https://www.newlook.com/row/mens/clothing/trousers/threadbare-black-jersey-slim-fit-cuffed-joggers/p/873611901,873611901
https://www.newlook.com/row/mens/clothing/t-shirts/jack-jones-burgundy-cotton-crew-neck-t-shirt/p/864955767,864955767
https://www.newlook.com/row/mens/clothing/t-shirts/jack-jones-khaki-cotton-crew-neck-t-shirt/p/864955734,864955734
https://www.newlook.com/row/mens/clothing/t-shirts/jack-jones-dark-brown-cotton-crew-neck-t-shirt/p/864955727,864955727
https://www.newlook.com/row/mens/clothing/t-shirts/jack-jones-rust-cotton-crew-neck-t-shirt/p/864955724,864955724
https://www.newlook.com/row/mens/clothing/t-shirts/jack-jones-white-cotton-logo-t-shirt/p/864949110,864949110
https://www.newlook.com/row/mens/clothing/t-shirts/jack-jones-black-cotton-logo-t-shirt/p/864949101,864949101
https://www.newlook.com/row/mens/clothing/t-shirts/jack-jones-khaki-cotton-logo-t-shirt/p/864945434,864945434
https://www.newlook.com/row/mens/clothing/t-shirts/jack-jones-dark-brown-cotton-logo-t-shirt/p/864945427,864945427
https://www.newlook.com/row/mens/clothing/t-shirts/jack-jones-white-cotton-logo-t-shirt/p/864945410,864945410
https://www.newlook.com/row/mens/clothing/t-shirts/jack-jones-black-cotton-logo-t-shirt/p/864945401,864945401
https://www.newlook.com/row/mens/clothing/hoodies-sweatshirts/jack-jones-khaki-cotton-logo-hoodie/p/864760134,864760134
https://www.newlook.com/row/mens/clothing/shirts/jack-jones-bright-blue-abstract-print-long-sleeve-shirt/p/864697244,864697244
https://www.newlook.com/row/mens/clothing/shirts/jack-jones-white-abstract-print-long-sleeve-shirt/p/864697210,864697210
https://www.newlook.com/row/mens/clothing/shirts/jack-jones-navy-gingham-cotton-long-sleeve-shirt/p/864697141,864697141
https://www.newlook.com/row/mens/clothing/shirts/jack-jones-khaki-gingham-cotton-long-sleeve-shirt/p/864697134,864697134
https://www.newlook.com/row/mens/clothing/shirts/jack-jones-dark-brown-gingham-cotton-long-sleeve-shirt/p/864697127,864697127
https://www.newlook.com/row/mens/clothing/shirts/jack-jones-stone-gingham-cotton-long-sleeve-shirt/p/864697116,864697116
https://www.newlook.com/row/mens/clothing/shirts/jack-jones-white-gingham-cotton-long-sleeve-shirt/p/864697110,864697110
https://www.newlook.com/row/mens/clothing/shirts/jack-jones-khaki-check-long-sleeve-shirt/p/864695134,864695134
https://www.newlook.com/row/c/jack-jones-indigo-colour-block-fleece-jacket/p/864684242,864684242
https://www.newlook.com/row/c/jack-jones-khaki-colour-block-fleece-jacket/p/864684234,864684234
https://www.newlook.com/row/mens/clothing/jackets-coats/jack-jones-black-hooded-rain-anorak/p/864682201,864682201
https://www.newlook.com/row/mens/clothing/jackets-coats/jack-jones-navy-bomber-jacket/p/864681841,864681841
https://www.newlook.com/row/mens/clothing/jackets-coats/jack-jones-stone-bomber-jacket/p/864681816,864681816
https://www.newlook.com/row/mens/clothing/jackets-coats/jack-jones-black-bomber-jacket/p/864681001,864681001
https://www.newlook.com/row/mens/clothing/jackets-coats/jack-jones-black-zip-up-jacket/p/864680901,864680901
https://www.newlook.com/row/mens/clothing/jackets-coats/jack-jones-blue-hooded-puffer-jacket/p/864639245,864639245
https://www.newlook.com/row/mens/clothing/jackets-coats/jack-jones-navy-hooded-puffer-jacket/p/864639241,864639241
https://www.newlook.com/row/mens/clothing/jackets-coats/jack-jones-khaki-hooded-puffer-jacket/p/864639234,864639234
https://www.newlook.com/row/mens/clothing/jackets-coats/jack-jones-stone-hooded-puffer-jacket/p/864639216,864639216
https://www.newlook.com/row/mens/clothing/jackets-coats/jack-jones-black-hooded-puffer-jacket/p/864639201,864639201
https://www.newlook.com/row/mens/clothing/jackets-coats/jack-jones-black-puffer-gilet/p/864638201,864638201
https://www.newlook.com/row/mens/clothing/jeans/jack-jones-black-regular-fit-jeans/p/864518701,864518701
https://www.newlook.com/row/mens/clothing/jeans/jack-jones-dark-blue-straight-leg-jeans/p/864517540,864517540
https://www.newlook.com/row/mens/clothing/jeans/jack-jones-black-skinny-jeans/p/864499201,864499201
https://www.newlook.com/row/mens/clothing/jeans/jack-jones-blue-skinny-jeans/p/864499040,864499040
https://www.newlook.com/row/mens/clothing/jeans/jack-jones-dark-blue-slim-fit-jeans/p/864485940,864485940
https://www.newlook.com/row/mens/clothing/jeans/jack-jones-black-slim-fit-jeans/p/864483801,864483801
https://www.newlook.com/row/c/only-sons-navy-check-long-sleeve-shirt/p/862358641,862358641
https://www.newlook.com/row/c/only-sons-rust-jersey-crew-neck-sweatshirt/p/862018924,862018924
https://www.newlook.com/row/c/only-sons-grey-jersey-crew-neck-sweatshirt/p/862018904,862018904
https://www.newlook.com/row/mens/clothing/trousers/only-sons-olive-slim-fit-cargo-trousers/p/862005533,862005533
https://www.newlook.com/row/mens/clothing/shirts/only-sons-dark-green-check-long-sleeve-oxford-shirt/p/861989927,861989927
https://www.newlook.com/row/mens/clothing/shirts/only-sons-black-check-long-sleeve-oxford-shirt/p/861989901,861989901
https://www.newlook.com/row/mens/clothing/t-shirts/only-sons-navy-long-sleeve-polo-top/p/849012841,849012841
https://www.newlook.com/row/mens/clothing/shirts/only-sons-off-white-check-long-sleeve-shirt/p/848891312,848891312
https://www.newlook.com/row/c/only-sons-stone-pocket-hoodie/p/830854616,830854616
https://www.newlook.com/row/mens/clothing/nightwear/black-fleece-blanket-hoodie/p/871346601,871346601
https://www.newlook.com/row/mens/clothing/nightwear/black-fleece-hooded-dressing-gown/p/871340501,871340501
https://www.newlook.com/row/mens/clothing/hoodies-sweatshirts/stone-phoenix-sweatshirt/p/871208416,871208416
https://www.newlook.com/row/mens/clothing/hoodies-sweatshirts/light-green-rose-script-sweatshirt/p/871206031,871206031
https://www.newlook.com/row/mens/clothing/hoodies-sweatshirts/stone-jersey-higher-apex-logo-sweatshirt/p/871170916,871170916
https://www.newlook.com/row/mens/clothing/hoodies-sweatshirts/blue-new-peaks-logo-sweatshirt/p/871168940,871168940
https://www.newlook.com/row/mens/clothing/hoodies-sweatshirts/lilac-cotton-blend-hiking-logo-sweatshirt/p/871152653,871152653
https://www.newlook.com/row/mens/clothing/hoodies-sweatshirts/off-white-austin-logo-zip-neck-sweatshirt/p/870834212,870834212
https://www.newlook.com/row/mens/clothing/hoodies-sweatshirts/khaki-new-york-logo-polo-sweatshirt/p/870796838,870796838
https://www.newlook.com/row/mens/clothing/hoodies-sweatshirts/khaki-varsity-logo-sweatshirt/p/870796034,870796034
https://www.newlook.com/row/mens/clothing/hoodies-sweatshirts/dark-brown-jersey-polo-sweatshirt/p/870770927,870770927
https://www.newlook.com/row/mens/clothing/hoodies-sweatshirts/grey-marl-jersey-polo-sweatshirt/p/870770907,870770907
https://www.newlook.com/row/mens/clothing/t-shirts/dark-green-cotton-new-peaks-logo-t-shirt/p/870553438,870553438
https://www.newlook.com/row/mens/clothing/t-shirts/stone-cotton-rivington-sports-club-logo-t-shirt/p/870552316,870552316
https://www.newlook.com/row/mens/clothing/t-shirts/off-white-all-star-sports-logo-t-shirt/p/870543912,870543912
https://www.newlook.com/row/mens/clothing/t-shirts/white-cotton-embroidered-mountain-logo-t-shirt/p/870542910,870542910
https://www.newlook.com/row/mens/clothing/t-shirts/dark-grey-cotton-embroidered-mountain-logo-t-shirt/p/870542903,870542903
https://www.newlook.com/row/mens/clothing/t-shirts/khaki-cotton-embroidered-yin-yang-logo-t-shirt/p/870538634,870538634
https://www.newlook.com/row/mens/clothing/t-shirts/black-cotton-embroidered-yin-yang-logo-t-shirt/p/870538601,870538601
https://www.newlook.com/row/mens/clothing/t-shirts/pink-cotton-rose-embroidered-oversized-t-shirt/p/870534373,870534373
https://www.newlook.com/row/mens/clothing/t-shirts/blue-cotton-worldwide-champions-oversized-logo-t-shirt/p/870525040,870525040
https://www.newlook.com/row/c/blue-cotton-oversized-t-shirt/p/870491340,870491340
https://www.newlook.com/row/c/khaki-cotton-oversized-t-shirt/p/870491334,870491334
https://www.newlook.com/row/c/stone-cotton-oversized-t-shirt/p/870491316,870491316
https://www.newlook.com/row/mens/clothing/knitwear/stone-marl-fine-knit-collared-jumper/p/870206216,870206216
https://www.newlook.com/row/mens/clothing/knitwear/grey-marl-fine-knit-collared-jumper/p/870206207,870206207
https://www.newlook.com/row/mens/clothing/knitwear/brown-check-knitted-crew-neck-jumper/p/870203629,870203629
https://www.newlook.com/row/mens/clothing/shirts/red-check-long-sleeve-shirt/p/869454860,869454860
https://www.newlook.com/row/mens/clothing/shirts/blue-check-long-sleeve-shirt/p/869454849,869454849
https://www.newlook.com/row/mens/clothing/trousers/black-cotton-cargo-trousers/p/868746901,868746901
https://www.newlook.com/row/mens/clothing/trousers/khaki-cotton-cuffed-cargo-trousers/p/868746334,868746334
https://www.newlook.com/row/mens/clothing/trousers/black-cotton-cuffed-cargo-trousers/p/868746301,868746301
https://www.newlook.com/row/c/dark-green-large-check-knit-cardigan/p/868583138,868583138
https://www.newlook.com/row/mens/clothing/jackets-coats/stone-faux-shearling-aviator-jacket/p/868036116,868036116
https://www.newlook.com/row/mens/clothing/jackets-coats/black-faux-shearling-aviator-jacket/p/868036101,868036101
https://www.newlook.com/row/mens/clothing/jackets-coats/black-hooded-puffer-jacket/p/868024601,868024601
https://www.newlook.com/row/mens/clothing/jackets-coats/dark-grey-puffer-jacket/p/868018803,868018803
https://www.newlook.com/row/mens/clothing/trousers/khaki-cotton-cargo-trousers/p/867960334,867960334
https://www.newlook.com/row/mens/clothing/trousers/black-cotton-cargo-trousers/p/867960301,867960301
https://www.newlook.com/row/mens/clothing/hoodies-sweatshirts/khaki-zip-neck-sweatshirt/p/867576934,867576934
https://www.newlook.com/row/mens/clothing/hoodies-sweatshirts/stone-zip-neck-sweatshirt/p/867576916,867576916
https://www.newlook.com/row/mens/clothing/hoodies-sweatshirts/grey-marl-zip-neck-sweatshirt/p/867576907,867576907
https://www.newlook.com/row/mens/clothing/hoodies-sweatshirts/blue-pocket-front-hoodie/p/867569540,867569540
https://www.newlook.com/row/mens/clothing/hoodies-sweatshirts/light-green-pocket-front-hoodie/p/867569531,867569531
https://www.newlook.com/row/mens/clothing/hoodies-sweatshirts/rust-pocket-front-hoodie/p/867569525,867569525
https://www.newlook.com/row/mens/clothing/hoodies-sweatshirts/light-brown-pocket-front-hoodie/p/867569521,867569521
https://www.newlook.com/row/mens/clothing/hoodies-sweatshirts/blue-crew-neck-sweatshirt/p/867564240,867564240
https://www.newlook.com/row/mens/clothing/hoodies-sweatshirts/light-green-crew-neck-sweatshirt/p/867564231,867564231
https://www.newlook.com/row/mens/clothing/hoodies-sweatshirts/rust-crew-neck-sweatshirt/p/867564225,867564225
https://www.newlook.com/row/mens/clothing/hoodies-sweatshirts/light-brown-crew-neck-sweatshirt/p/867564221,867564221
https://www.newlook.com/row/mens/clothing/hoodies-sweatshirts/pale-grey-crew-neck-sweatshirt/p/867564202,867564202
https://www.newlook.com/row/mens/clothing/hoodies-sweatshirts/black-crew-neck-sweatshirt/p/867564201,867564201
https://www.newlook.com/row/mens/clothing/underwear-socks/3-pack-black-cotton-blend-boxers/p/867439701,867439701
https://www.newlook.com/row/mens/footwear/shoes/jack-jones-rust-leather-lace-up-brogues/p/864583124,864583124
https://www.newlook.com/row/mens/footwear/shoes/jack-jones-dark-grey-leather-lace-up-brogues/p/864583103,864583103
https://www.newlook.com/row/mens/clothing/trousers/navy-skinny-chinos/p/858806641,858806641
https://www.newlook.com/row/mens/clothing/shirts/white-long-sleeve-muscle-fit-oxford-shirt/p/846720710,846720710
https://www.newlook.com/row/mens/clothing/shirts/navy-poplin-long-sleeve-pocket-front-shirt/p/846720641,846720641
https://www.newlook.com/row/mens/clothing/shirts/blue-poplin-short-sleeve-muscle-fit-shirt/p/846719645,846719645
https://www.newlook.com/row/mens/clothing/shirts/navy-poplin-short-sleeve-muscle-fit-shirt/p/846719641,846719641
https://www.newlook.com/row/mens/clothing/shirts/black-poplin-short-sleeve-muscle-fit-shirt/p/846719601,846719601
https://www.newlook.com/row/mens/clothing/shirts/navy-poplin-short-sleeve-regular-fit-shirt/p/846596341,846596341
https://www.newlook.com/row/mens/clothing/shirts/white-poplin-short-sleeve-regular-fit-shirt/p/846596310,846596310
https://www.newlook.com/row/mens/clothing/shirts/pale-blue-short-sleeve-muscle-fit-oxford-shirt/p/846570645,846570645
https://www.newlook.com/row/mens/clothing/shirts/navy-short-sleeve-muscle-fit-oxford-shirt/p/846570641,846570641
https://www.newlook.com/row/mens/clothing/shirts/white-short-sleeve-muscle-fit-oxford-shirt/p/846570610,846570610
https://www.newlook.com/row/mens/clothing/shirts/pale-grey-short-sleeve-muscle-fit-oxford-shirt/p/846570602,846570602
https://www.newlook.com/row/mens/clothing/t-shirts/navy-pique-short-sleeve-polo-shirt/p/846538541,846538541
https://www.newlook.com/row/mens/clothing/t-shirts/khaki-pique-short-sleeve-polo-shirt/p/846538534,846538534
https://www.newlook.com/row/mens/clothing/shorts/grey-marl-jersey-tie-waist-cargo-shorts/p/846531207,846531207
https://www.newlook.com/row/mens/clothing/shorts/black-jersey-cargo-shorts/p/846531201,846531201
https://www.newlook.com/row/mens/clothing/t-shirts/white-embroidered-rose-regular-fit-t-shirt/p/846382710,846382710
https://www.newlook.com/row/mens/clothing/t-shirts/black-embroidered-rose-regular-fit-t-shirt/p/846382701,846382701
https://www.newlook.com/row/mens/clothing/shirts/deep-pink-linen-blend-revere-collar-short-sleeve-shirt/p/846377674,846377674
https://www.newlook.com/row/mens/clothing/hoodies-sweatshirts/dark-grey-pocket-front-hoodie/p/845123803,845123803
https://www.newlook.com/row/mens/clothing/t-shirts/white-crew-neck-oversized-t-shirt/p/845110210,845110210
https://www.newlook.com/row/mens/clothing/t-shirts/black-crew-neck-oversized-t-shirt/p/845110201,845110201
https://www.newlook.com/row/c/khaki-straight-fit-carpenter-shorts/p/844560434,844560434
https://www.newlook.com/row/mens/clothing/trousers/navy-mid-rise-slim-chinos/p/844462741,844462741
https://www.newlook.com/row/mens/clothing/jackets-coats/khaki-twill-bomber-jacket/p/843499234,843499234
https://www.newlook.com/row/mens/clothing/jackets-coats/black-twill-bomber-jacket/p/843499201,843499201
https://www.newlook.com/row/mens/clothing/shirts/olive-poplin-long-sleeve-muscle-fit-shirt/p/843136133,843136133
https://www.newlook.com/row/mens/clothing/shirts/cream-poplin-long-sleeve-muscle-fit-shirt/p/843136114,843136114
https://www.newlook.com/row/mens/clothing/shirts/bright-blue-poplin-long-sleeve-regular-fit-shirt/p/843134846,843134846
https://www.newlook.com/row/mens/clothing/shirts/olive-poplin-long-sleeve-regular-fit-shirt/p/843134833,843134833
https://www.newlook.com/row/mens/clothing/t-shirts/white-jersey-rose-embroidered-crew-neck-t-shirt/p/840562010,840562010
https://www.newlook.com/row/mens/clothing/t-shirts/black-jersey-rose-embroidered-crew-neck-t-shirt/p/840562001,840562001
https://www.newlook.com/row/mens/clothing/shirts/white-long-sleeve-grandad-collar-shirt/p/840251510,840251510
https://www.newlook.com/row/mens/clothing/shirts/black-long-sleeve-grandad-collar-shirt/p/840251501,840251501
https://www.newlook.com/row/mens/clothing/shirts/khaki-poplin-long-sleeve-shirt/p/840250934,840250934
https://www.newlook.com/row/mens/clothing/shirts/black-poplin-long-sleeve-shirt/p/840250901,840250901
https://www.newlook.com/row/mens/clothing/jeans/blue-slim-fit-jeans/p/839087340,839087340
https://www.newlook.com/row/mens/clothing/jeans/black-slim-fit-jeans/p/839043101,839043101
https://www.newlook.com/row/mens/clothing/jeans/blue-mid-rise-skinny-stretch-jeans/p/839042140,839042140
https://www.newlook.com/row/mens/clothing/jeans/black-skinny-jeans/p/839041801,839041801
https://www.newlook.com/row/mens/clothing/knitwear/dark-grey-relaxed-fit-zip-neck-fisherman-jumper/p/838335903,838335903
https://www.newlook.com/row/mens/clothing/t-shirts/white-high-neck-oversized-t-shirt/p/837396910,837396910
https://www.newlook.com/row/mens/clothing/t-shirts/pale-grey-jacquard-stripe-collar-logo-polo-shirt/p/836826602,836826602
https://www.newlook.com/row/mens/clothing/shirts/white-check-pocket-front-long-sleeve-shirt/p/836086419,836086419
https://www.newlook.com/row/mens/clothing/t-shirts/bright-blue-short-sleeve-collared-polo-shirt/p/834158144,834158144
https://www.newlook.com/row/mens/clothing/t-shirts/bright-blue-muscle-fit-short-sleeve-polo-shirt/p/834132044,834132044
https://www.newlook.com/row/mens/clothing/t-shirts/white-muscle-fit-short-sleeve-polo-shirt/p/834132010,834132010
https://www.newlook.com/row/mens/clothing/t-shirts/black-muscle-fit-short-sleeve-polo-shirt/p/834132001,834132001
https://www.newlook.com/row/mens/clothing/t-shirts/white-crew-neck-oversized-t-shirt/p/834084810,834084810
https://www.newlook.com/row/mens/clothing/trousers/navy-skinny-chinos/p/833362241,833362241
https://www.newlook.com/row/mens/clothing/jackets-coats/blue-denim-western-jacket/p/833260545,833260545
https://www.newlook.com/row/mens/clothing/knitwear/navy-ribbed-fine-knit-crew-neck-jumper/p/831934541,831934541
https://www.newlook.com/row/mens/clothing/knitwear/grey-ribbed-fine-knit-crew-neck-jumper/p/831934509,831934509
https://www.newlook.com/row/mens/clothing/knitwear/black-ribbed-fine-knit-crew-neck-jumper/p/831934501,831934501
https://www.newlook.com/row/mens/clothing/knitwear/black-long-sleeve-slim-fit-polo-jumper/p/831881401,831881401
https://www.newlook.com/row/mens/clothing/underwear-socks/3-pack-grey-cotton-blend-boxers/p/831098404,831098404
https://www.newlook.com/row/mens/clothing/underwear-socks/3-pack-black-cotton-blend-boxers/p/831098401,831098401
https://www.newlook.com/row/mens/clothing/shirts/khaki-muscle-fit-long-sleeve-oxford-shirt/p/827879934,827879934
https://www.newlook.com/row/mens/clothing/shirts/white-muscle-fit-long-sleeve-oxford-shirt/p/827879910,827879910
https://www.newlook.com/row/mens/clothing/shirts/navy-cotton-long-sleeve-oxford-shirt/p/827865441,827865441
https://www.newlook.com/row/mens/clothing/shirts/white-long-sleeve-oxford-shirt/p/827865410,827865410
https://www.newlook.com/row/mens/clothing/shirts/white-poplin-long-sleeve-muscle-fit-shirt/p/827856410,827856410
https://www.newlook.com/row/mens/clothing/shirts/black-poplin-long-sleeve-muscle-fit-shirt/p/827856401,827856401
https://www.newlook.com/row/mens/clothing/knitwear/black-fine-knit-relaxed-fit-crew-neck-jumper/p/827573201,827573201
https://www.newlook.com/row/mens/clothing/knitwear/navy-ribbed-knit-regular-fit-jumper/p/827559441,827559441
https://www.newlook.com/row/mens/clothing/knitwear/navy-fine-knit-crew-neck-muscle-fit-jumper/p/827528241,827528241
https://www.newlook.com/row/mens/clothing/knitwear/dark-grey-fine-knit-crew-neck-muscle-fit-jumper/p/827528203,827528203
https://www.newlook.com/row/mens/clothing/knitwear/black-fine-knit-crew-neck-muscle-fit-jumper/p/827528201,827528201
https://www.newlook.com/row/mens/clothing/knitwear/blue-fine-knit-crew-neck-slim-fit-jumper/p/827522344,827522344
https://www.newlook.com/row/mens/clothing/knitwear/navy-fine-knit-crew-neck-slim-fit-jumper/p/827522341,827522341
https://www.newlook.com/row/mens/clothing/knitwear/dark-grey-fine-knit-crew-neck-slim-fit-jumper/p/827522303,827522303
https://www.newlook.com/row/mens/clothing/knitwear/black-fine-knit-crew-neck-slim-fit-jumper/p/827522301,827522301
https://www.newlook.com/row/mens/clothing/jackets-coats/khaki-faux-fur-trim-hooded-parka-jacket/p/826097234,826097234
https://www.newlook.com/row/mens/clothing/jackets-coats/dark-grey-high-neck-puffer-gilet/p/826069303,826069303
https://www.newlook.com/row/mens/clothing/jackets-coats/black-high-neck-puffer-gilet/p/826069301,826069301
https://www.newlook.com/row/mens/clothing/jackets-coats/black-colour-block-hooded-puffer-jacket/p/826039201,826039201
https://www.newlook.com/row/mens/clothing/jackets-coats/navy-long-sleeve-hooded-puffer-jacket/p/826035641,826035641
https://www.newlook.com/row/mens/clothing/t-shirts/white-cotton-crew-neck-oversized-t-shirt/p/825667710,825667710
https://www.newlook.com/row/mens/clothing/t-shirts/black-cotton-crew-neck-oversized-t-shirt/p/825667701,825667701
https://www.newlook.com/row/c/brown-check-tapered-skinny-trousers/p/822797629,822797629
https://www.newlook.com/row/mens/clothing/trousers/pale-grey-skinny-suit-trousers/p/820921902,820921902
https://www.newlook.com/row/mens/clothing/trousers/navy-super-skinny-suit-trousers/p/814693741,814693741
https://www.newlook.com/row/mens/clothing/trousers/grey-marl-super-skinny-suit-trousers/p/814693707,814693707
https://www.newlook.com/row/mens/clothing/trousers/black-super-skinny-suit-trousers/p/814693701,814693701
https://www.newlook.com/row/c/pale-blue-super-skinny-fit-suit-jacket/p/814666545,814666545
https://www.newlook.com/row/mens/clothing/sportswear/navy-knit-lace-up-trainers/p/813947441,813947441
https://www.newlook.com/row/mens/clothing/shirts/white-check-oversized-shirt/p/812595719,812595719
https://www.newlook.com/row/mens/clothing/trousers/navy-skinny-fit-chinos/p/812523341,812523341
https://www.newlook.com/row/mens/clothing/jackets-coats/navy-slim-suit-jacket/p/808380741,808380741
https://www.newlook.com/row/mens/clothing/jackets-coats/black-slim-suit-jacket/p/808380701,808380701
https://www.newlook.com/row/mens/clothing/jackets-coats/navy-skinny-fit-suit-jacket/p/808377741,808377741
https://www.newlook.com/row/mens/clothing/jackets-coats/light-green-skinny-fit-suit-jacket/p/808377731,808377731
https://www.newlook.com/row/mens/clothing/jackets-coats/grey-marl-skinny-fit-suit-jacket/p/808377707,808377707
https://www.newlook.com/row/mens/clothing/jackets-coats/black-skinny-fit-suit-jacket/p/808377701,808377701
https://www.newlook.com/row/mens/clothing/trousers/indigo-mid-rise-slim-suit-trousers/p/808228242,808228242
https://www.newlook.com/row/mens/clothing/trousers/navy-mid-rise-slim-suit-trousers/p/808228241,808228241
https://www.newlook.com/row/mens/clothing/trousers/grey-marl-slim-fit-suit-trousers/p/808228207,808228207
https://www.newlook.com/row/mens/clothing/trousers/black-mid-rise-slim-suit-trousers/p/808228201,808228201
https://www.newlook.com/row/mens/clothing/trousers/bright-blue-skinny-suit-trousers/p/808227044,808227044
https://www.newlook.com/row/mens/clothing/trousers/navy-skinny-suit-trousers/p/808227041,808227041
https://www.newlook.com/row/mens/clothing/trousers/grey-marl-skinny-suit-trousers/p/808227007,808227007
https://www.newlook.com/row/mens/clothing/trousers/dark-grey-skinny-suit-trousers/p/808227003,808227003
https://www.newlook.com/row/mens/clothing/trousers/black-skinny-suit-trousers/p/808227001,808227001
https://www.newlook.com/row/mens/clothing/tailoring/dark-grey-revere-collar-skinny-fit-suit-jacket/p/804625103,804625103
https://www.newlook.com/row/mens/clothing/tailoring/black-revere-collar-skinny-fit-suit-jacket/p/804625101,804625101
https://www.newlook.com/row/mens/clothing/jeans/blue-tapered-spray-on-skinny-jeans/p/802807940,802807940
https://www.newlook.com/row/mens/clothing/jeans/black-spray-on-skinny-jeans/p/801968201,801968201
https://www.newlook.com/row/mens/clothing/sportswear/white-lightweight-trainers/p/698716210,698716210
https://www.newlook.com/row/mens/clothing-collections/new-season/white-contrast-back-lace-up-chunky-trainers/p/698715010,698715010
https://www.newlook.com/row/mens/footwear/white-high-top-trainers/p/698663710,698663710
https://www.newlook.com/row/mens/clothing/tailoring/dark-brown-perforated-lace-up-brogues/p/698379327,698379327
https://www.newlook.com/row/mens/clothing/tailoring/black-perforated-lace-up-brogues/p/698379301,698379301
https://www.newlook.com/row/mens/clothing/tailoring/black-round-toe-lace-up-brogues/p/698372901,698372901
https://www.newlook.com/row/mens/clothing/tailoring/dark-grey-skinny-suit-trousers/p/694195103,694195103
https://www.newlook.com/row/mens/clothing/tailoring/black-skinny-suit-trousers/p/694195101,694195101
https://www.newlook.com/row/mens/clothing/hoodies-sweatshirts/grey-marl-jersey-long-sleeve-zip-hoodie/p/693728907,693728907
https://www.newlook.com/row/mens/clothing/jeans/blue-mid-wash-slim-fit-jeans/p/689684940,689684940
https://www.newlook.com/row/mens/clothing/jeans/blue-mid-wash-super-skinny-jeans/p/689684840,689684840
https://www.newlook.com/row/mens/clothing/jeans/blue-mid-wash-skinny-stretch-jeans/p/689684740,689684740
https://www.newlook.com/row/mens/clothing/jeans/black-tapered-slim-fit-jeans/p/689684601,689684601
https://www.newlook.com/row/mens/clothing/jeans/black-dark-wash-slim-fit-jeans/p/689684501,689684501
https://www.newlook.com/row/mens/clothing/jeans/black-dark-wash-super-skinny-jeans/p/689684401,689684401
https://www.newlook.com/row/mens/clothing/jeans/black-skinny-stretch-jeans/p/689684301,689684301
https://www.newlook.com/row/mens/clothing/knitwear/black-soft-fine-knit-crew-neck-jumper/p/688264401,688264401
https://www.newlook.com/row/mens/clothing/jeans/black-dark-wash-straight-fit-jeans/p/687053801,687053801
https://www.newlook.com/row/mens/clothing/jeans/black-washed-super-skinny-jeans/p/687051401,687051401
https://www.newlook.com/row/mens/clothing/jeans/black-washed-skinny-jeans/p/687047201,687047201
https://www.newlook.com/row/mens/clothing/t-shirts/black-cali-west-coast-logo-long-vest/p/686338901,686338901
https://www.newlook.com/row/mens/clothing/tailoring/white-poplin-long-sleeve-shirt/p/681395610,681395610
https://www.newlook.com/row/mens/clothing/tailoring/white-long-sleeve-oxford-shirt/p/681393510,681393510
https://www.newlook.com/row/mens/clothing/tailoring/white-poplin-long-sleeve-muscle-fit-shirt/p/681390410,681390410
https://www.newlook.com/row/mens/clothing/tailoring/black-poplin-long-sleeve-muscle-fit-shirt/p/681390401,681390401
https://www.newlook.com/row/mens/clothing/tailoring/khaki-muscle-fit-oxford-shirt/p/681387334,681387334
https://www.newlook.com/row/mens/clothing/tailoring/white-muscle-fit-oxford-shirt/p/681387310,681387310
https://www.newlook.com/row/mens/clothing/jeans/blue-mid-wash-ripped-knee-skinny-stretch-jeans/p/674631140,674631140
https://www.newlook.com/row/mens/clothing/sportswear/black-jersey-cuffed-joggers/p/674371801,674371801
https://www.newlook.com/row/mens/clothing/jeans/black-tapered-leg-jeans/p/651779901,651779901
https://www.newlook.com/row/mens/clothing/jeans/blue-spray-on-skinny-jeans/p/651751740,651751740
https://www.newlook.com/row/mens/clothing/sportswear/black-leather-look-lace-up-trainers/p/630159901,630159901
https://www.newlook.com/row/mens/clothing/trousers/jack-jones-stone-linen-look-straight-leg-trousers/p/874638516,874638516
https://www.newlook.com/row/mens/clothing/trousers/jack-jones-indigo-linen-look-straight-leg-trousers/p/874006442,874006442
https://www.newlook.com/row/mens/clothing/shorts/threadbare-stone-cargo-shorts/p/873684216,873684216
https://www.newlook.com/row/mens/clothing/shorts/threadbare-navy-cotton-cargo-shorts/p/873684141,873684141
https://www.newlook.com/row/mens/clothing/shorts/threadbare-camel-cargo-shorts/p/873682917,873682917
https://www.newlook.com/row/mens/clothing/shorts/threadbare-olive-cargo-shorts/p/873681333,873681333
https://www.newlook.com/row/mens/clothing/shorts/threadbare-coral-chino-shorts/p/873644384,873644384
https://www.newlook.com/row/mens/clothing/shorts/threadbare-blue-slim-fit-chino-shorts/p/873643745,873643745
https://www.newlook.com/row/mens/clothing/shorts/threadbare-olive-chino-shorts/p/873643133,873643133
https://www.newlook.com/row/mens/clothing/shorts/threadbare-pale-blue-cargo-shorts/p/873639145,873639145
https://www.newlook.com/row/mens/clothing/t-shirts/threadbare-grey-logo-polo-shirt/p/873617804,873617804
https://www.newlook.com/row/mens/clothing/t-shirts/threadbare-black-contrast-collar-polo-shirt/p/873617701,873617701
https://www.newlook.com/row/mens/clothing/shorts/threadbare-navy-drawcord-stretch-cargo-shorts/p/873613441,873613441
https://www.newlook.com/row/mens/clothing/trousers/threadbare-dark-grey-cuffed-joggers/p/873611803,873611803
https://www.newlook.com/row/mens/clothing/trousers/threadbare-black-cuffed-cargo-trousers/p/873609701,873609701
https://www.newlook.com/row/mens/clothing/t-shirts/threadbare-navy-stripe-logo-polo-shirt/p/873581941,873581941
https://www.newlook.com/row/mens/clothing/t-shirts/threadbare-navy-cotton-short-sleeve-polo-shirt/p/873577841,873577841
https://www.newlook.com/row/mens/clothing/trousers/threadbare-black-stretch-chino-trousers/p/873573601,873573601
https://www.newlook.com/row/mens/clothing/t-shirts/threadbare-blue-logo-polo-shirt/p/873573440,873573440
https://www.newlook.com/row/mens/clothing/shirts/threadbare-olive-double-pocket-shacket/p/873571533,873571533
https://www.newlook.com/row/mens/clothing/shirts/threadbare-stone-button-shacket/p/873570116,873570116
https://www.newlook.com/row/mens/clothing/t-shirts/threadbare-white-contrast-collar-polo-shirt/p/873545910,873545910
https://www.newlook.com/row/mens/clothing/shorts/threadbare-navy-fleece-shorts/p/873545141,873545141
https://www.newlook.com/row/mens/clothing/t-shirts/threadbare-burgundy-pocket-polo-shirt/p/873544967,873544967
https://www.newlook.com/row/mens/clothing/shorts/threadbare-black-fleece-shorts/p/873544801,873544801
https://www.newlook.com/row/mens/clothing/t-shirts/threadbare-navy-pocket-logo-polo-shirt/p/873543641,873543641
https://www.newlook.com/row/mens/clothing/t-shirts/threadbare-navy-contrast-logo-polo-shirt/p/873539341,873539341
https://www.newlook.com/row/mens/clothing/shorts/threadbare-olive-fleece-shorts/p/873537733,873537733
https://www.newlook.com/row/mens/clothing/t-shirts/threadbare-3-pack-cotton-crew-neck-t-shirts/p/873537599,873537599
https://www.newlook.com/row/mens/clothing/shorts/threadbare-olive-jersey-cargo-shorts/p/873537433,873537433
https://www.newlook.com/row/mens/clothing/shorts/threadbare-navy-cargo-shorts/p/873536741,873536741
https://www.newlook.com/row/mens/clothing/swimwear/threadbare-2-pack-navy-swim-shorts/p/873530099,873530099
https://www.newlook.com/row/mens/clothing/swimwear/threadbare-2-pack-navy-and-geometric-swim-shorts/p/873528841,873528841
https://www.newlook.com/row/mens/clothing/t-shirts/threadbare-3-pack-black-white-and-grey-grandad-collar-t-shirts/p/873528799,873528799
https://www.newlook.com/row/mens/clothing/shirts/threadbare-pale-blue-short-sleeve-shirt/p/873506545,873506545
https://www.newlook.com/row/mens/clothing/shirts/threadbare-navy-short-sleeve-shirt/p/873506241,873506241
https://www.newlook.com/row/mens/clothing/shirts/threadbare-navy-linen-short-sleeve-shirt/p/873504841,873504841
https://www.newlook.com/row/mens/clothing/shirts/threadbare-olive-cotton-pocket-front-shacket/p/873504033,873504033
https://www.newlook.com/row/c/navy-muscle-fit-t-shirt/p/867559341,867559341
https://www.newlook.com/row/c/dark-green-muscle-fit-t-shirt/p/867559338,867559338
https://www.newlook.com/row/c/khaki-muscle-fit-t-shirt/p/867559334,867559334
https://www.newlook.com/row/c/mid-pink-cotton-crew-neck-t-shirt/p/867526273,867526273
https://www.newlook.com/row/c/teal-cotton-crew-neck-t-shirt/p/867526247,867526247
https://www.newlook.com/row/c/dark-green-cotton-crew-neck-t-shirt/p/867526238,867526238
https://www.newlook.com/row/c/light-brown-cotton-crew-neck-t-shirt/p/867526221,867526221
https://www.newlook.com/row/c/stone-cotton-crew-neck-t-shirt/p/867526216,867526216
https://www.newlook.com/row/c/off-white-cotton-crew-neck-t-shirt/p/867526212,867526212
https://www.newlook.com/row/mens/clothing/t-shirts/jack-jones-off-white-cotton-crew-neck-logo-t-shirt/p/864953412,864953412
https://www.newlook.com/row/mens/clothing/t-shirts/jack-jones-black-cotton-crew-neck-logo-t-shirt/p/864953401,864953401
https://www.newlook.com/row/mens/clothing/t-shirts/jack-jones-blue-cotton-tape-short-sleeve-t-shirt/p/864939240,864939240
https://www.newlook.com/row/mens/clothing/t-shirts/jack-jones-white-cotton-tape-short-sleeve-t-shirt/p/864939210,864939210
https://www.newlook.com/row/mens/clothing/shorts/jack-jones-black-denim-shorts/p/864391601,864391601
https://www.newlook.com/row/mens/clothing/trousers/jack-jones-grey-linen-look-trousers/p/864365742,864365742
https://www.newlook.com/row/mens/clothing/jeans/jack-jones-navy-slim-fit-jeans/p/864365641,864365641
https://www.newlook.com/row/mens/clothing/jeans/jack-jones-blue-slim-fit-jeans/p/864363640,864363640
https://www.newlook.com/row/mens/clothing/t-shirts/jack-jones-navy-palm-logo-t-shirt/p/864359941,864359941
https://www.newlook.com/row/mens/clothing/t-shirts/jack-jones-white-palm-logo-t-shirt/p/864359910,864359910
https://www.newlook.com/row/mens/clothing/shirts/jack-jones-blue-gingham-twill-short-sleeve-shirt/p/864357040,864357040
https://www.newlook.com/row/mens/clothing/shirts/jack-jones-stone-gingham-twill-short-sleeve-shirt/p/864357016,864357016
https://www.newlook.com/row/mens/clothing/shirts/jack-jones-white-gingham-short-sleeve-shirt/p/864357010,864357010
https://www.newlook.com/row/mens/clothing/knitwear/only-sons-cream-knit-short-sleeve-shirt/p/862564613,862564613
https://www.newlook.com/row/mens/clothing/shirts/only-sons-navy-stripe-short-sleeve-shirt/p/862557541,862557541
https://www.newlook.com/row/mens/clothing/jeans/only-sons-black-skinny-jeans/p/862549401,862549401
https://www.newlook.com/row/mens/clothing/t-shirts/only-sons-pale-blue-photographic-logo-t-shirt/p/862544345,862544345
https://www.newlook.com/row/mens/clothing/t-shirts/only-sons-navy-photographic-logo-t-shirt/p/862544341,862544341
https://www.newlook.com/row/mens/clothing/shorts/only-sons-pale-grey-cotton-shorts/p/862537102,862537102
https://www.newlook.com/row/mens/clothing/shorts/only-sons-black-cotton-shorts/p/862537101,862537101
https://www.newlook.com/row/mens/clothing/shirts/only-sons-navy-circle-print-poplin-long-sleeve-shirt/p/862522741,862522741
https://www.newlook.com/row/mens/clothing/shirts/only-sons-green-circle-print-poplin-long-sleeve-shirt/p/862522735,862522735
https://www.newlook.com/row/mens/clothing/shirts/only-sons-white-circle-print-poplin-long-sleeve-shirt/p/862522710,862522710
https://www.newlook.com/row/mens/clothing/shorts/only-sons-off-white-denim-shorts/p/862510512,862510512
https://www.newlook.com/row/mens/clothing/jeans/only-sons-blue-slim-fit-jeans/p/862420340,862420340
https://www.newlook.com/row/mens/clothing/t-shirts/only-sons-coral-crew-neck-short-sleeve-t-shirt/p/862372784,862372784
https://www.newlook.com/row/mens/clothing/t-shirts/only-sons-blue-crew-neck-short-sleeve-t-shirt/p/862372743,862372743
https://www.newlook.com/row/mens/clothing/t-shirts/only-sons-cream-crew-neck-short-sleeve-t-shirt/p/862372713,862372713
https://www.newlook.com/row/mens/clothing/jeans/only-sons-blue-loose-fit-jeans/p/862303440,862303440
https://www.newlook.com/row/mens/clothing/jeans/only-sons-black-baggy-fit-wide-leg-jeans/p/862303001,862303001
https://www.newlook.com/row/mens/clothing/shirts/only-sons-blue-tropical-short-sleeve-shirt/p/862300842,862300842
https://www.newlook.com/row/mens/clothing/shirts/only-sons-white-tropical-short-sleeve-shirt/p/862300810,862300810
https://www.newlook.com/row/mens/clothing/shirts/only-sons-white-floral-short-sleeve-shirt/p/862300410,862300410
https://www.newlook.com/row/mens/clothing/shirts/only-sons-black-floral-short-sleeve-shirt/p/862300401,862300401
https://www.newlook.com/row/mens/clothing/shorts/only-sons-black-cargo-shorts/p/862018201,862018201
https://www.newlook.com/row/mens/clothing/trousers/only-sons-black-slim-fit-cargo-trousers/p/862005501,862005501
https://www.newlook.com/row/mens/clothing/shirts/only-sons-lilac-leafy-short-sleeve-shirt/p/861997655,861997655
https://www.newlook.com/row/mens/clothing/shirts/only-sons-leafy-short-sleeve-shirt/p/861997641,861997641
https://www.newlook.com/row/mens/clothing/shirts/only-sons-navy-check-long-sleeve-oxford-shirt/p/861989941,861989941
https://www.newlook.com/row/mens/clothing/shirts/only-sons-green-check-long-sleeve-oxford-shirt/p/861989935,861989935
https://www.newlook.com/row/mens/clothing/shirts/only-sons-stone-check-long-sleeve-oxford-shirt/p/861989916,861989916
https://www.newlook.com/row/mens/clothing/t-shirts/only-sons-cream-sports-club-front-and-back-logo-t-shirt/p/861986013,861986013
https://www.newlook.com/row/mens/clothing/t-shirts/only-sons-black-sports-club-front-and-back-logo-t-shirt/p/861986001,861986001
https://www.newlook.com/row/mens/clothing/t-shirts/only-sons-paradise-logo-t-shirt/p/861984984,861984984
https://www.newlook.com/row/mens/clothing/t-shirts/only-sons-teal-palm-photographic-logo-t-shirt/p/861984947,861984947
https://www.newlook.com/row/mens/clothing/t-shirts/only-sons-pale-blue-endless-summer-logo-t-shirt/p/861984945,861984945
https://www.newlook.com/row/mens/clothing/jeans/jack-jones-pale-blue-light-wash-slim-fit-jeans/p/861345345,861345345
https://www.newlook.com/row/mens/clothing/jeans/jack-jones-blue-mid-wash-slim-fit-jeans/p/861246040,861246040
https://www.newlook.com/row/mens/clothing/jeans/jack-jones-black-slim-fit-jeans/p/861242601,861242601
https://www.newlook.com/row/mens/clothing/jeans/jack-jones-grey-skinny-jeans/p/861239703,861239703
https://www.newlook.com/row/mens/clothing/jeans/jack-jones-blue-mid-wash-skinny-jeans/p/861219740,861219740
https://www.newlook.com/row/mens/clothing/jeans/jack-jones-blue-slim-fit-jeans/p/861216940,861216940
https://www.newlook.com/row/mens/clothing/jeans/jack-jones-blue-ripped-slim-fit-jeans/p/861213440,861213440
https://www.newlook.com/row/mens/clothing/jeans/jack-jones-white-slim-fit-jeans/p/861209210,861209210
https://www.newlook.com/row/mens/clothing/jeans/jack-jones-blue-mid-wash-slim-fit-jeans/p/861206140,861206140
https://www.newlook.com/row/mens/clothing/jeans/jack-jones-blue-ripped-seam-slim-fit-jeans/p/861204140,861204140
https://www.newlook.com/row/mens/clothing/jeans/jack-jones-blue-straight-leg-relaxed-fit-jeans/p/861198440,861198440
https://www.newlook.com/row/mens/clothing/shorts/jack-jones-navy-chino-shorts/p/859987041,859987041
https://www.newlook.com/row/mens/clothing/shorts/jack-jones-khaki-chino-shorts/p/859987034,859987034
https://www.newlook.com/row/mens/clothing/shorts/jack-jones-logo-sweat-shorts/p/859979541,859979541
https://www.newlook.com/row/mens/clothing/shorts/jack-jones-navy-logo-swim-shorts/p/859878341,859878341
https://www.newlook.com/row/mens/clothing/shorts/jack-jones-navy-paisley-swim-shorts/p/859844841,859844841
https://www.newlook.com/row/mens/clothing/shorts/jack-jones-stone-swirl-print-swim-shorts/p/859840616,859840616
https://www.newlook.com/row/mens/clothing/shorts/jack-jones-pale-grey-linen-blend-shorts/p/859824002,859824002
https://www.newlook.com/row/mens/clothing/t-shirts/jack-jones-navy-short-sleeve-polo-shirt/p/859779241,859779241
https://www.newlook.com/row/mens/clothing/t-shirts/jack-jones-light-green-short-sleeve-polo-shirt/p/859779231,859779231
https://www.newlook.com/row/mens/clothing/t-shirts/jack-jones-white-short-sleeve-polo/p/859770910,859770910
https://www.newlook.com/row/mens/clothing/t-shirts/jack-jones-dark-grey-short-sleeve-polo-shirt/p/859770903,859770903
https://www.newlook.com/row/mens/clothing/t-shirts/jack-jones-mid-pink-cotton-tropical-logo-t-shirt/p/859761573,859761573
https://www.newlook.com/row/mens/clothing/t-shirts/jack-jones-light-green-cotton-tropical-logo-t-shirt/p/859761545,859761545
https://www.newlook.com/row/mens/clothing/t-shirts/jack-jones-white-cotton-tropical-logo-t-shirt/p/859761510,859761510
https://www.newlook.com/row/mens/clothing/t-shirts/jack-jones-black-cotton-tropical-logo-t-shirt/p/859761501,859761501
https://www.newlook.com/row/mens/clothing/t-shirts/jack-jones-mustard-cotton-jorsplash-logo-t-shirt/p/859756187,859756187
https://www.newlook.com/row/mens/clothing/t-shirts/jack-jones-khaki-cotton-jorsplash-logo-t-shirt/p/859756134,859756134
https://www.newlook.com/row/mens/clothing/t-shirts/jack-jones-white-cotton-jorsplash-logo-t-shirt/p/859756110,859756110
https://www.newlook.com/row/mens/clothing/t-shirts/jack-jones-black-cotton-jorsplash-logo-t-shirt/p/859756101,859756101
https://www.newlook.com/row/c/jack-jones-navy-leaf-short-sleeve-shirt/p/859748041,859748041
https://www.newlook.com/row/c/jack-jones-khaki-leaf-short-sleeve-shirt/p/859748034,859748034
https://www.newlook.com/row/c/jack-jones-white-leaf-short-sleeve-shirt/p/859748010,859748010
https://www.newlook.com/row/mens/clothing/t-shirts/jack-jones-pink-palm-logo-t-shirt/p/859732573,859732573
https://www.newlook.com/row/mens/clothing/t-shirts/jack-jones-pale-blue-palm-logo-t-shirt/p/859732545,859732545
https://www.newlook.com/row/mens/clothing/t-shirts/jack-jones-navy-palm-logo-t-shirt/p/859732541,859732541
https://www.newlook.com/row/mens/clothing/t-shirts/jack-jones-white-palm-logo-t-shirt/p/859732510,859732510
https://www.newlook.com/row/mens/clothing/hoodies-sweatshirts/jack-jones-pale-grey-logo-pocket-front-hoodie/p/859718202,859718202
https://www.newlook.com/row/mens/clothing/t-shirts/jack-jones-deep-pink-crew-neck-logo-t-shirt/p/859674374,859674374
https://www.newlook.com/row/mens/clothing/t-shirts/jack-jones-pale-grey-crew-neck-logo-t-shirt/p/859674302,859674302
https://www.newlook.com/row/mens/clothing/t-shirts/jack-jones-pale-yellow-logo-t-shirt/p/859672588,859672588
https://www.newlook.com/row/mens/clothing/t-shirts/jack-jones-blue-logo-t-shirt/p/859672546,859672546
https://www.newlook.com/row/mens/clothing/t-shirts/jack-jones-navy-logo-t-shirt/p/859672541,859672541
https://www.newlook.com/row/mens/clothing/t-shirts/jack-jones-green-logo-t-shirt/p/859672530,859672530
https://www.newlook.com/row/mens/clothing/shirts/jack-jones-pale-blue-short-sleeve-shirt/p/859670145,859670145
https://www.newlook.com/row/mens/clothing/shirts/jack-jones-white-short-sleeve-shirt/p/859670110,859670110
https://www.newlook.com/row/mens/clothing/shorts/jack-jones-blue-denim-loose-fit-shorts/p/859669240,859669240
https://www.newlook.com/row/mens/clothing/shirts/jack-jones-white-floral-short-sleeve-shirt/p/859668410,859668410
https://www.newlook.com/row/mens/clothing/shirts/jack-jones-dark-grey-floral-short-sleeve-shirt/p/859668403,859668403
https://www.newlook.com/row/mens/clothing/shorts/jack-jones-black-denim-shorts/p/859668201,859668201
https://www.newlook.com/row/mens/clothing/shorts/jack-jones-blue-denim-shorts/p/859665140,859665140
https://www.newlook.com/row/mens/clothing/t-shirts/jack-jones-blue-circle-logo-t-shirt/p/859634440,859634440
https://www.newlook.com/row/mens/clothing/shirts/jack-jones-white-tropical-floral-short-sleeve-shirt/p/859597010,859597010
https://www.newlook.com/row/mens/clothing/t-shirts/jack-jones-white-tropicana-logo-t-shirt/p/859595310,859595310
https://www.newlook.com/row/mens/clothing/t-shirts/jack-jones-bright-orange-crew-neck-logo-t-shirt/p/859570282,859570282
https://www.newlook.com/row/mens/clothing/t-shirts/jack-jones-navy-logo-t-shirt/p/859570241,859570241
https://www.newlook.com/row/mens/clothing/t-shirts/jack-jones-white-crew-neck-logo-t-shirt/p/859570210,859570210
https://www.newlook.com/row/mens/clothing/t-shirts/jack-jones-pale-grey-crew-neck-logo-t-shirt/p/859570202,859570202
https://www.newlook.com/row/mens/clothing/t-shirts/jack-jones-white-collared-polo-shirt/p/859247310,859247310
https://www.newlook.com/row/mens/clothing/t-shirts/ben-sherman-white-pocket-logo-polo-shirt/p/857648010,857648010
https://www.newlook.com/row/mens/clothing/trousers/jack-jones-khaki-tapered-leg-patch-pocket-cargo-trousers/p/850669134,850669134
https://www.newlook.com/row/c/rust-leather-look-tassel-trim-loafers/p/850565624,850565624
https://www.newlook.com/row/mens/footwear/shoes/black-suedette-tassel-trim-loafers/p/850564101,850564101
https://www.newlook.com/row/mens/clothing/knitwear/jack-jones-rust-textured-knit-12-zip-high-neck-jumper/p/850310981,850310981
https://www.newlook.com/row/mens/clothing/shirts/jack-jones-navy-check-long-sleeve-pocket-front-shirt/p/850303941,850303941
https://www.newlook.com/row/mens/clothing/shirts/jack-jones-stone-check-long-sleeve-pocket-front-shirt/p/850303916,850303916
https://www.newlook.com/row/mens/clothing/t-shirts/jack-jones-khaki-crew-neck-short-sleeve-pocket-logo-t-shirt/p/850300034,850300034
https://www.newlook.com/row/mens/clothing/t-shirts/jack-jones-navy-crew-neck-short-sleeve-logo-t-shirt/p/850289841,850289841
https://www.newlook.com/row/mens/clothing/t-shirts/jack-jones-red-gangsta-wrapper-logo-t-shirt/p/850279560,850279560
https://www.newlook.com/row/mens/clothing/t-shirts/jack-jones-navy-well-hung-stocking-logo-t-shirt/p/850279541,850279541
https://www.newlook.com/row/mens/clothing/jackets-coats/jack-jones-cream-teddy-colour-block-puffer-jacket/p/850264514,850264514
https://www.newlook.com/row/mens/clothing/jackets-coats/jack-jones-black-teddy-colour-block-puffer-jacket/p/850264501,850264501
https://www.newlook.com/row/mens/clothing/t-shirts/jack-jones-khaki-crew-neck-motif-t-shirt/p/850263234,850263234
https://www.newlook.com/row/mens/clothing/t-shirts/jack-jones-white-crew-neck-logo-t-shirt/p/850263210,850263210
https://www.newlook.com/row/mens/clothing/shirts/jack-jones-pale-blue-long-sleeve-shirt/p/850152345,850152345
https://www.newlook.com/row/mens/clothing/shirts/jack-jones-white-long-sleeve-shirt/p/850152310,850152310
https://www.newlook.com/row/mens/clothing/jeans/jack-jones-black-slim-fit-jeans/p/850105101,850105101
https://www.newlook.com/row/mens/clothing/jeans/jack-jones-blue-mid-wash-straight-jeans/p/850103540,850103540
https://www.newlook.com/row/mens/clothing/jeans/jack-jones-dark-grey-slim-fit-jeans/p/850093903,850093903
https://www.newlook.com/row/mens/clothing/jeans/jack-jones-pale-blue-skinny-fit-jeans/p/850092040,850092040
https://www.newlook.com/row/mens/clothing/knitwear/jack-jones-rust-cable-knit-shawl-neck-cardigan/p/850057724,850057724
https://www.newlook.com/row/mens/clothing/hoodies-sweatshirts/jack-jones-dark-green-fleece-high-neck-zip-up-sweatshirt/p/850029838,850029838
https://www.newlook.com/row/mens/clothing/hoodies-sweatshirts/jack-jones-black-fleece-high-neck-zip-up-sweatshirt/p/850029801,850029801
https://www.newlook.com/row/mens/clothing/t-shirts/jack-jones-indigo-crew-neck-short-sleeve-logo-t-shirt/p/850029242,850029242
https://www.newlook.com/row/mens/clothing/t-shirts/jack-jones-white-logo-crew-t-shirt/p/850021910,850021910
https://www.newlook.com/row/mens/clothing/underwear-socks/jack-jones-5-pack-multicoloured-stripe-ribbed-socks/p/849874243,849874243
https://www.newlook.com/row/c/only-sons-stone-textured-knit-crew-neck-jumper/p/849000916,849000916
https://www.newlook.com/row/c/only-sons-dark-grey-textured-knit-crew-neck-jumper/p/849000903,849000903
https://www.newlook.com/row/mens/clothing/shirts/only-sons-stone-check-fleece-pocket-front-relaxed-fit-overshirt/p/849000815,849000815
https://www.newlook.com/row/mens/clothing/jackets-coats/only-sons-stone-teddy-fleece-pocket-front-jacket/p/848998815,848998815
https://www.newlook.com/row/mens/clothing/jackets-coats/only-sons-dark-grey-teddy-fleece-pocket-front-jacket/p/848998803,848998803
https://www.newlook.com/row/mens/clothing/jackets-coats/only-sons-black-check-cotton-long-sleeve-overshirt/p/848929001,848929001
https://www.newlook.com/row/mens/clothing/jackets-coats/only-sons-stone-check-teddy-collar-pocket-front-jacket/p/848926916,848926916
https://www.newlook.com/row/mens/clothing/shirts/only-sons-bright-blue-check-long-sleeve-shirt/p/848891344,848891344
https://www.newlook.com/row/mens/clothing/jackets-coats/only-sons-grey-colour-block-high-neck-puffer-jacket/p/848884104,848884104
https://www.newlook.com/row/mens/clothing/shirts/only-sons-navy-check-long-sleeve-shirt/p/848865141,848865141
https://www.newlook.com/row/mens/clothing/shirts/only-sons-pale-grey-check-long-sleeve-shirt/p/848865102,848865102
https://www.newlook.com/row/mens/clothing/shirts/only-sons-black-check-long-sleeve-slim-fit-shirt/p/848861615,848861615
https://www.newlook.com/row/mens/clothing/shirts/only-sons-white-check-long-sleeve-slim-fit-shirt/p/848861610,848861610
https://www.newlook.com/row/mens/clothing/knitwear/only-sons-grey-argyle-knit-crew-neck-jumper/p/848859503,848859503
https://www.newlook.com/row/mens/clothing/knitwear/only-sons-black-argyle-knit-crew-neck-jumper/p/848859501,848859501
https://www.newlook.com/row/mens/clothing/knitwear/only-sons-khaki-argyle-knit-crew-neck-jumper/p/848858534,848858534
https://www.newlook.com/row/mens/clothing/knitwear/only-sons-grey-marl-argyle-knit-crew-neck-jumper/p/848858507,848858507
https://www.newlook.com/row/mens/footwear/shoes/dark-brown-perforated-lace-up-brogues/p/848824927,848824927
https://www.newlook.com/row/mens/footwear/shoes/black-suedette-perforated-lace-up-brogues/p/848824901,848824901
https://www.newlook.com/row/mens/footwear/shoes/dark-brown-lace-up-rounded-brogues/p/848824827,848824827
https://www.newlook.com/row/mens/footwear/shoes/black-lace-up-rounded-brogues/p/848824801,848824801
https://www.newlook.com/row/mens/footwear/shoes/white-lace-up-contrast-panel-trainers/p/848774810,848774810
https://www.newlook.com/row/mens/footwear/shoes/white-knit-lace-up-trainers/p/848774610,848774610
https://www.newlook.com/row/mens/clothing/jackets-coats/jack-jones-navy-check-formal-coat/p/847857641,847857641
https://www.newlook.com/row/mens/clothing/hoodies-sweatshirts/jack-jones-navy-logo-hoodie/p/847761541,847761541
https://www.newlook.com/row/mens/clothing/jeans/jack-jones-blue-skinny-fit-jeans/p/847743940,847743940
https://www.newlook.com/row/mens/clothing/jeans/jack-jones-blue-straight-leg-jeans/p/847226940,847226940
https://www.newlook.com/row/mens/clothing/jeans/jack-jones-black-dark-wash-skinny-jeans/p/847226101,847226101
https://www.newlook.com/row/mens/clothing/t-shirts/white-ribbed-jersey-muscle-fit-vest/p/846678110,846678110
https://www.newlook.com/row/mens/clothing/t-shirts/black-ribbed-jersey-muscle-fit-vest/p/846678101,846678101
https://www.newlook.com/row/mens/clothing/t-shirts/pale-grey-crew-neck-oversized-vest/p/846381602,846381602
https://www.newlook.com/row/mens/clothing/t-shirts/navy-crew-neck-muscle-fit-t-shirt/p/845108841,845108841
https://www.newlook.com/row/mens/clothing/t-shirts/khaki-crew-neck-muscle-fit-t-shirt/p/845108834,845108834
https://www.newlook.com/row/mens/clothing/t-shirts/white-crew-neck-muscle-fit-t-shirt/p/845108810,845108810
https://www.newlook.com/row/mens/clothing/t-shirts/black-crew-neck-muscle-fit-t-shirt/p/845108801,845108801
https://www.newlook.com/row/mens/clothing/t-shirts/khaki-crew-neck-t-shirt/p/845098834,845098834
https://www.newlook.com/row/mens/clothing/t-shirts/white-crew-neck-t-shirt/p/845098810,845098810
https://www.newlook.com/row/mens/clothing/t-shirts/dark-grey-crew-neck-t-shirt/p/845098803,845098803
https://www.newlook.com/row/mens/clothing/t-shirts/pale-grey-crew-neck-t-shirt/p/845098802,845098802
https://www.newlook.com/row/mens/clothing/t-shirts/black-crew-neck-t-shirt/p/845098801,845098801
https://www.newlook.com/row/mens/clothing/shirts/jack-jones-khaki-check-long-sleeve-shirt/p/843263534,843263534
https://www.newlook.com/row/mens/clothing/t-shirts/jack-jones-pale-grey-logo-crew-t-shirt/p/843245402,843245402
https://www.newlook.com/row/mens/footwear/shoes/black-leather-double-buckle-strap-monk-shoes/p/842897301,842897301
https://www.newlook.com/row/mens/footwear/shoes/rust-leather-perforated-lace-up-brogues/p/842893424,842893424
https://www.newlook.com/row/mens/footwear/shoes/dark-brown-leather-derby-shoes/p/842885127,842885127
https://www.newlook.com/row/mens/footwear/shoes/black-leather-derby-shoes/p/842885101,842885101
https://www.newlook.com/row/mens/clothing/trousers/only-sons-dark-grey-slim-fit-tapered-trousers/p/837791103,837791103
https://www.newlook.com/row/mens/clothing/jeans/only-sons-blue-slim-jeans/p/837779040,837779040
https://www.newlook.com/row/mens/clothing/jeans/only-sons-black-slim-fit-tapered-jeans/p/837764701,837764701
https://www.newlook.com/row/mens/clothing/jeans/only-sons-black-slim-fit-jeans/p/837758401,837758401
https://www.newlook.com/row/mens/clothing/t-shirts/white-muscle-fit-crew-neck-t-shirt/p/834063010,834063010
https://www.newlook.com/row/mens/clothing/t-shirts/black-muscle-fit-crew-neck-t-shirt/p/834063001,834063001
https://www.newlook.com/row/mens/clothing/t-shirts/black-crew-neck-roll-sleeve-t-shirt/p/834055101,834055101
https://www.newlook.com/row/mens/clothing/t-shirts/khaki-short-sleeve-crew-neck-t-shirt/p/834047834,834047834
https://www.newlook.com/row/mens/clothing/t-shirts/black-short-sleeve-crew-neck-t-shirt/p/834047801,834047801
https://www.newlook.com/row/mens/footwear/shoes/black-contrast-panel-chunky-trainers/p/832136809,832136809
https://www.newlook.com/row/mens/footwear/boots/black-leather-look-lace-up-chunky-boots/p/832090601,832090601
https://www.newlook.com/row/mens/footwear/boots/black-suedette-chelsea-boots/p/832082701,832082701
https://www.newlook.com/row/mens/footwear/boots/dark-brown-lace-up-chunky-desert-boots/p/832079327,832079327
https://www.newlook.com/row/mens/footwear/boots/black-lace-up-chunky-desert-boots/p/832079301,832079301
https://www.newlook.com/row/mens/footwear/shoes/black-suedette-lace-up-chunky-loafers/p/832076601,832076601
https://www.newlook.com/row/mens/footwear/shoes/black-stitch-lace-up-shoes/p/832073901,832073901
https://www.newlook.com/row/mens/footwear/shoes/stone-suedette-lace-up-boat-shoes/p/832058216,832058216
https://www.newlook.com/row/mens/footwear/shoes/black-suedette-lace-up-boat-shoes/p/832058201,832058201
https://www.newlook.com/row/mens/footwear/shoes/dark-brown-leather-look-derby-shoes/p/832039727,832039727
https://www.newlook.com/row/mens/footwear/shoes/rust-leather-look-derby-shoes/p/832039724,832039724
https://www.newlook.com/row/mens/footwear/shoes/black-leather-look-derby-shoes/p/832039701,832039701
https://www.newlook.com/row/mens/clothing/jeans/jack-jones-navy-skinny-jeans/p/831476401,831476401
https://www.newlook.com/row/mens/clothing/jeans/jack-jones-blue-vintage-ripped-regular-fit-jeans/p/831476246,831476246
https://www.newlook.com/row/mens/clothing/jeans/jack-jones-grey-ripped-slim-fit-jeans/p/831476006,831476006
https://www.newlook.com/row/mens/clothing/jeans/jack-jones-blue-ripped-regular-fit-jeans/p/831475946,831475946
https://www.newlook.com/row/mens/clothing/jeans/jack-jones-bright-blue-slim-fit-jeans/p/831459946,831459946
https://www.newlook.com/row/mens/clothing/trousers/jack-jones-black-cuffed-cargo-trousers/p/831452501,831452501
https://www.newlook.com/row/mens/clothing/jeans/jack-jones-black-regular-fit-jeans/p/831452401,831452401
https://www.newlook.com/row/mens/clothing/jeans/jack-jones-black-slim-fit-jeans/p/831446201,831446201
https://www.newlook.com/row/mens/clothing/jeans/jack-jones-blue-regular-fit-jeans/p/831417446,831417446
https://www.newlook.com/row/mens/clothing/jackets-coats/only-sons-black-double-pocket-overshirt/p/830943501,830943501
https://www.newlook.com/row/mens/clothing/jeans/jack-jones-black-regular-fit-jeans/p/830910601,830910601
https://www.newlook.com/row/mens/clothing/jeans/only-sons-bright-blue-skinny-jeans/p/830901646,830901646
https://www.newlook.com/row/mens/clothing/jeans/only-sons-dark-grey-slim-fit-jeans/p/830892806,830892806
https://www.newlook.com/row/mens/clothing/jeans/only-sons-bright-blue-slim-fit-jeans/p/830888646,830888646
https://www.newlook.com/row/mens/clothing/hoodies-sweatshirts/only-sons-dark-green-academia-logo-sweatshirt/p/830865138,830865138
https://www.newlook.com/row/mens/clothing/hoodies-sweatshirts/only-sons-rust-chicago-logo-sweatshirt/p/830865126,830865126
https://www.newlook.com/row/mens/clothing/jeans/only-sons-bright-blue-ripped-straight-jeans/p/830824846,830824846
https://www.newlook.com/row/mens/clothing/jeans/only-sons-black-regular-fit-jeans/p/830804801,830804801
https://www.newlook.com/row/mens/clothing/jeans/only-sons-bright-blue-slim-fit-jeans/p/830790346,830790346
https://www.newlook.com/row/mens/clothing/jeans/only-sons-blue-rinse-wash-slim-fit-jeans/p/830776646,830776646
https://www.newlook.com/row/mens/clothing/tailoring/jack-jones-pale-grey-revere-collar-skinny-fit-blazer/p/825777302,825777302
https://www.newlook.com/row/mens/clothing/tailoring/jack-jones-bright-blue-skinny-fit-suit-trousers/p/825728246,825728246
https://www.newlook.com/row/mens/clothing/tailoring/jack-jones-black-skinny-fit-suit-trousers/p/825728201,825728201
https://www.newlook.com/row/mens/footwear/shoes/black-perforated-lace-up-chunky-brogues/p/824275801,824275801
https://www.newlook.com/row/mens/footwear/shoes/black-leather-look-chunky-loafers/p/824237701,824237701
https://www.newlook.com/row/mens/footwear/shoes/black-d-ring-chunky-loafers/p/824236701,824236701
https://www.newlook.com/row/mens/footwear/shoes/black-leather-look-tassel-trim-loafers/p/824224901,824224901
https://www.newlook.com/row/mens/footwear/shoes/black-leather-look-d-ring-loafers/p/824224801,824224801
https://www.newlook.com/row/mens/footwear/shoes/dark-brown-leather-look-oxford-shoes/p/824021127,824021127
https://www.newlook.com/row/mens/footwear/shoes/black-leather-look-oxford-shoes/p/824021101,824021101
https://www.newlook.com/row/mens/footwear/shoes/dark-brown-leather-look-lace-up-brogues/p/824021027,824021027
https://www.newlook.com/row/mens/footwear/shoes/black-leather-look-lace-up-brogues/p/824021001,824021001
https://www.newlook.com/row/mens/footwear/shoes/pale-grey-suedette-tassel-loafers/p/815639602,815639602
https://www.newlook.com/row/mens/footwear/shoes/black-suedette-tassel-loafers/p/815639601,815639601
https://www.newlook.com/row/mens/footwear/shoes/tan-suedette-boat-shoes/p/815638518,815638518
https://www.newlook.com/row/mens/footwear/shoes/black-suedette-boat-shoes/p/815638501,815638501
https://www.newlook.com/row/mens/clothing/shorts/jack-jones-black-turn-up-shorts/p/812424001,812424001
https://www.newlook.com/row/mens/clothing/jeans/jack-jones-blue-skinny-jeans/p/812177140,812177140
https://www.newlook.com/row/mens/clothing/t-shirts/jack-jones-navy-circle-logo-t-shirt/p/811976941,811976941
https://www.newlook.com/row/mens/clothing/t-shirts/jack-jones-light-green-circle-logo-t-shirt/p/811976940,811976940
https://www.newlook.com/row/mens/clothing/hoodies-sweatshirts/jack-jones-navy-pocket-front-logo-hoodie/p/806794641,806794641
https://www.newlook.com/row/mens/clothing/t-shirts/jack-jones-red-contrast-trim-polo-shirt/p/801268060,801268060
https://www.newlook.com/row/mens/footwear/boots/tan-suedette-round-toe-lace-up-desert-boots/p/699037024,699037024
https://www.newlook.com/row/mens/footwear/boots/dark-grey-suedette-round-toe-lace-up-desert-boots/p/699037003,699037003
https://www.newlook.com/row/mens/footwear/boots/black-lace-up-desert-boots/p/699035601,699035601
https://www.newlook.com/row/mens/clothing/sportswear/black-short-sleeve-crew-neck-t-shirt/p/693450201,693450201
https://www.newlook.com/row/mens/clothing/jeans/jack-jones-black-dark-wash-slim-fit-jeans/p/686213101,686213101
https://www.newlook.com/row/mens/clothing/tailoring/black-leather-look-formal-belt/p/672891101,672891101
https://www.newlook.com/row/mens/clothing/jeans/jack-jones-black-skinny-jeans/p/661902201,661902201
https://www.newlook.com/row/mens/clothing/jeans/jack-jones-blue-slim-jeans/p/649409940,649409940
https://www.newlook.com/row/mens/clothing/jeans/jack-jones-blue-dark-wash-slim-jeans/p/649401540,649401540
https://www.newlook.com/row/mens/clothing/underwear-socks/jack-jones-3-pack-grey-white-and-black-boxers/p/649385003,649385003
https://www.newlook.com/row/mens/clothing/underwear-socks/jack-jones-3-pack-black-logo-boxers/p/649385001,649385001
https://www.newlook.com/row/mens/footwear/shoes/jack-jones-grey-palm-logo-flip-flops/p/872181844,872181844
https://www.newlook.com/row/mens/footwear/shoes/jack-jones-navy-palm-logo-flip-flops/p/872181841,872181841
https://www.newlook.com/row/mens/footwear/shoes/jack-jones-black-palm-logo-flip-flops/p/872181803,872181803
https://www.newlook.com/row/mens/accessories/jack-jones-rust-leather-card-holder/p/864340324,864340324
https://www.newlook.com/row/mens/accessories/jack-jones-navy-logo-backpack/p/864324741,864324741
https://www.newlook.com/row/mens/accessories/jack-jones-stone-logo-backpack/p/864324716,864324716
https://www.newlook.com/row/mens/accessories/jack-jones-black-logo-backpack/p/864324701,864324701
https://www.newlook.com/row/mens/footwear/shoes/jack-jones-white-trainers/p/859429710,859429710
https://www.newlook.com/row/mens/footwear/shoes/jack-jones-stone-moulded-logo-sliders/p/859423116,859423116
https://www.newlook.com/row/mens/footwear/shoes/jack-jones-dark-grey-moulded-logo-sliders/p/859423103,859423103
https://www.newlook.com/row/mens/footwear/shoes/jack-jones-navy-canvas-slip-on-trainers/p/859414541,859414541
https://www.newlook.com/row/mens/footwear/shoes/jack-jones-white-canvas-slip-on-trainers/p/859414510,859414510
https://www.newlook.com/row/mens/footwear/shoes/jack-jones-dark-grey-canvas-slip-on-trainers/p/859414503,859414503
https://www.newlook.com/row/mens/footwear/shoes/jack-jones-khaki-double-strap-sandals/p/859409434,859409434
https://www.newlook.com/row/mens/footwear/shoes/jack-jones-dark-grey-double-strap-sandals/p/859409403,859409403
https://www.newlook.com/row/mens/accessories/jack-jones-stone-mesh-logo-cross-body-bag/p/859208516,859208516
https://www.newlook.com/row/mens/accessories/jack-jones-stone-logo-bucket-hat/p/859204916,859204916
https://www.newlook.com/row/mens/footwear/boots/jack-jones-dark-brown-leather-boots/p/847773627,847773627
https://www.newlook.com/row/mens/footwear/boots/jack-jones-black-leather-boots/p/847773601,847773601
https://www.newlook.com/row/mens/footwear/shoes/jack-jones-dark-grey-canvas-chunky-trainers/p/843471003,843471003
https://www.newlook.com/row/c/jack-jones-white-leather-look-lace-up-trainers/p/843469910,843469910
https://www.newlook.com/row/mens/accessories/black-leather-look-buckle-belt/p/632454501,632454501
