0,1,2,3,4,5,6,7,8,9,10,11,12,13,14,15,16,17,18,19,20,21,22,23,24,25,26,27,28,29,30,31,32,33,34,35,36,37,38,39,40,41,42,43,44,45,46,47
,,,,,,,,,,,,,,,,,,,,,,,,,,,,,,,,,,,,,,,,,,,,,,,
row,row,row,row,row,row,row,row,row,row,row,row,row,row,row,row,row,row,row,row,row,row,row,row,row,row,row,row,row,row,row,row,row,row,row,row,row,row,row,row,row,row,row,row,row,row,row,row
mens,mens,mens,mens,mens,mens,mens,mens,mens,mens,mens,mens,mens,mens,mens,mens,mens,mens,c,mens,mens,mens,mens,mens,mens,mens,mens,mens,mens,mens,mens,mens,mens,mens,mens,mens,mens,mens,womens,womens,womens,mens,mens,mens,mens,mens,mens,mens
clothing,clothing,clothing,new-look-kind,clothing,accessories,accessories,clothing,clothing,clothing,clothing,clothing,clothing,clothing,clothing,clothing,clothing,clothing,off-white-borg-zip-up-jacket,clothing,clothing,clothing,clothing,clothing,accessories,accessories,accessories,clothing,clothing,clothing,clothing,clothing,clothing,clothing,clothing,clothing,clothing,clothing,clothing,clothing,clothing,clothing,clothing,clothing,clothing,accessories,accessories,clothing
nightwear,trousers,hoodies-sweatshirts,navy-puffer-zip-up-gilet,jackets-coats,tan-leather-look-belt,black-leather-look-belt,hoodies-sweatshirts,t-shirts,hoodies-sweatshirts,t-shirts,t-shirts,t-shirts,t-shirts,jackets-coats,jackets-coats,shirts,knitwear,p,jackets-coats,jackets-coats,jackets-coats,hoodies-sweatshirts,hoodies-sweatshirts,5-pack-multicoloured-colour-block-stretch-socks,5-pack-multicoloured-colour-block-socks,5-pack-grey-black-and-khaki-mixed-pattern-socks,shirts,shirts,shirts,shorts,shorts,shorts,swimwear,jackets-coats,shirts,shirts,shirts,loungewear,loungewear,loungewear,t-shirts,jackets-coats,jackets-coats,jackets-coats,5-pack-white-ribbed-ankle-socks,5-pack-black-ribbed-ankle-socks,jackets-coats
navy-embroidered-short-pyjama-set,dark-grey-cuffed-joggers,black-zip-through-hoodie,p,threadbare-black-colour-block-puffer-jacket,p,p,black-paris-atelier-logo-hoodie,black-cotton-long-sleeve-polo-shirt,grey-marl-zip-up-hoodie,khaki-cotton-long-sleeve-t-shirt,white-cotton-long-sleeve-t-shirt,dark-grey-cotton-long-sleeve-t-shirt,black-cotton-long-sleeve-t-shirt,khaki-cotton-twill-overshirt,dark-grey-cotton-twill-overshirt,green-cotton-check-long-sleeve-shirt,grey-ribbed-knit-crew-neck-jumper,868037212,grey-brushed-pocket-front-overshirt,black-brushed-pocket-front-overshirt,black-puffer-jacket,stone-pocket-front-hoodie,stone-crew-neck-sweatshirt,p,p,p,black-long-sleeve-muscle-fit-oxford-shirt,white-poplin-short-sleeve-muscle-fit-shirt,black-short-sleeve-muscle-fit-oxford-shirt,stone-jersey-tie-waist-cargo-shorts,grey-marl-jersey-shorts,black-jersey-shorts,black-drawstring-swim-shorts,navy-twill-bomber-jacket,white-poplin-long-sleeve-muscle-fit-shirt,white-poplin-long-sleeve-regular-fit-shirt,black-poplin-long-sleeve-regular-fit-shirt,ony-pale-blue-fleece-oversized-unisex-blanket-hoodie,ony-pale-pink-fleece-oversized-unisex-blanket-hoodie,ony-pale-grey-fleece-oversized-unisex-blanket-hoodie,white-short-sleeve-collared-polo-shirt,dark-grey-denim-western-jacket,black-denim-western-jacket,black-denim-jersey-sleeve-hooded-jacket,p,p,blue-denim-borg-collared-jacket
p,p,p,867999841,p,875659818,875659801,p,p,p,p,p,p,p,p,p,p,p,,p,p,p,p,p,850450099,850449999,850448599,p,p,p,p,p,p,p,p,p,p,p,p,p,p,p,p,p,p,831081410,831081401,p
871244541,870555603,870554501,,882823101,,,871148601,871146401,870554507,870522634,870522610,870522603,870522601,869799934,869799903,869454839,868150704,,868030904,868030901,868018801,867569516,867564216,,,,846720701,846719610,846570601,846531216,845135207,845135201,844258901,843499241,843136110,843134810,843134801,835628045,835626972,835623202,834158110,833260503,833260501,833211301,,,828966740
,,,,,,,,,,,,,,,,,,,,,,,,,,,,,,,,,,,,,,,,,,,,,,,
